"station_id","LocID","yyyy","mm","dd","doy","nObs","Tavg","Tmin","Tmax","TDavg","RHavg","RainTot","SRtot","WSavg"
"30004","375","2014","1","1","1",NULL,"3.97","-1.28","8.93","-0.34","75.2","0","4.45","0.54"
"30004","375","2014","1","2","2",NULL,"4.44","-4.92","9.27","3.27","87.2","8.13","1.54","1.64"
"30004","375","2014","1","3","3",NULL,"-4.41","-7.75","0.23","-10.65","62.38","0","1.47","1.59"
"30004","375","2014","1","4","4",NULL,"-1.34","-5.64","1.22","-8.51","57.73","0","3.03","1.13"
"30004","375","2014","1","5","5",NULL,"3.67","0.56","7.43","3.12","94.7","2.794","2.54","0.77"
"30004","375","2014","1","6","6",NULL,"-5.19","-12.84","8.29","-7.89","69.33","2.54","3.47","1.23"
"30004","375","2014","1","7","7",NULL,"-10.74","-15.75","-5.51","-18.81","52.68","0","2.5","1.74"
"30004","375","2014","1","8","8",NULL,"-3.24","-11.32","7.63","-12.69","54.09","0","1.8","0.57"
"30004","375","2014","1","9","9",NULL,"2.55","-4.32","8.35","-4.34","60.69","0","3.77","0.87"
"30004","375","2014","1","10","10",NULL,"6.59","3.33","9.07","6.41","97.7","8.89","2.42","0.9"
"30004","375","2014","1","11","11",NULL,"11.62","7.55","16.32","8.93","83.2","37.34","2.16","1.08"
"30004","375","2014","1","12","12",NULL,"5.69","-0.43","13.36","1.53","78","0","1.89","0.79"
"30004","375","2014","1","13","13",NULL,"5.62","-1.35","13.55","3.49","87.2","7.11","4.07","0.54"
"30004","375","2014","1","14","14",NULL,"8.06","0.83","13.03","4.69","81.3","4.572","2.22","1.07"
"30004","375","2014","1","15","15",NULL,"2.64","-1.95","7.23","-2.38","71.3","0","3.79","1.31"
"30004","375","2014","1","16","16",NULL,"-0.25","-5.44","6.04","-9.33","53.15","0","2.53","1.13"
"30004","375","2014","1","17","17",NULL,"2.75","-2.54","10.19","-6.09","54.73","0","3.31","1.5"
"30004","375","2014","1","18","18",NULL,"-0.61","-5.05","5.12","-10.75","47.55","0","2.82","1.39"
"30004","375","2014","1","19","19",NULL,"4.14","-1.62","10.19","-4.41","55.59","0","2.86","1.15"
"30004","375","2014","1","20","20",NULL,"4.53","-3.46","16.85","-2.78","66.21","0","3.05","0.84"
"30004","375","2014","1","21","21",NULL,"1.29","-5.9","7.91","-3.87","68.76","0","4.89","2.33"
"30004","375","2014","1","22","22",NULL,"-5.18","-10.54","-0.64","-17.6","38.87","0","6.84","2.17"
"30004","375","2014","1","23","23",NULL,"-3.47","-8.35","1.18","-14.4","42.53","0","5.01","1.97"
"30004","375","2014","1","24","24",NULL,"-7.2","-13.24","0.3","-18.64","43.55","0","4.1","1.23"
"30004","375","2014","1","25","25",NULL,"-3.17","-12.25","5.58","-11.51","55.79","0","4.74","1.03"
"30004","375","2014","1","26","26",NULL,"2.96","-4.79","11.97","-3.93","62.78","0","5","0.69"
"30004","375","2014","1","27","27",NULL,"6.16","-2.08","13.69","-2.07","54.26","0","4.78","1.53"
"30004","375","2014","1","28","28",NULL,"-4.67","-7.3","-1.75","-10.51","65.6","0","2.55","1.71"
"30004","375","2014","1","29","29",NULL,"-7.19","-11.92","-1.22","-15.08","56.56","0","5.49","1.31"
"30004","375","2014","1","30","30",NULL,"-6.05","-15.09","3.34","-11.41","69.04","2.032","6.07","0.68"
"30004","375","2014","1","31","31",NULL,"0.23","-8.61","12.44","-8.19","62.81","3.302","6.2","0.59"
"30004","375","2014","2","1","32",NULL,"4.67","-4.32","13.74","-1.31","67.95","0","5.98","0.55"
"30004","375","2014","2","2","33",NULL,"10.33","1.35","19.56","8.84","88.9","0.508","4.23","0.55"
"30004","375","2014","2","3","34",NULL,"10.32","1.09","17.58","8.98","87.9","8.38","5.99","1.44"
"30004","375","2014","2","4","35",NULL,"4.87","0.1","7.94","3.88","93.2","8.64","2.58","1.31"
"30004","375","2014","2","5","36",NULL,"4.36","-1.69","8.41","2.46","86.1","11.43","4.49","1.99"
"30004","375","2014","2","6","37",NULL,"0.25","-3.13","5.44","-4.89","69.18","0","6.27","1.59"
"30004","375","2014","2","7","38",NULL,"2.25","-3.59","9.13","-4.02","67.44","0","6.85","0.97"
"30004","375","2014","2","8","39",NULL,"5.04","0.36","12.69","-1.09","67.08","0","8.15","0.87"
"30004","375","2014","2","9","40",NULL,"6.03","-0.89","14.8","1.91","77.3","0","6.98","0.92"
"30004","375","2014","2","10","41",NULL,"4.42","1.09","8.01","2.19","85.5","0","3.51","1.01"
"30004","375","2014","2","11","42",NULL,"1.38","0.1","3.8","0.84","96","16.26","2.74","1.05"
"30004","375","2014","2","12","43",NULL,"-1.78","-2.94","0.56","-2.25","96.6","3.048","1.88","0.62"
"30004","375","2014","2","13","44",NULL,"0.82","-1.95","6.83","-1.02","88.3","18.8","6.34","1.25"
"30004","375","2014","2","14","45",NULL,"4.11","-3.2","13.02","-0.18","76.3","16","8.63","0.82"
"30004","375","2014","2","15","46",NULL,"2.74","-1.62","6.63","-3.08","65.39","1.524","9.46","2.17"
"30004","375","2014","2","16","47",NULL,"5.31","-2.74","15.26","-2.83","59.71","0","9.54","0.95"
"30004","375","2014","2","17","48",NULL,"7.6","-1.55","16.83","1.18","68.93","1.778","9.76","0.89"
"30004","375","2014","2","18","49",NULL,"11.32","0.89","21.46","6.01","73.9","0.254","9.89","0.67"
"30004","375","2014","2","19","50",NULL,"16","10.98","19.74","13.21","84.1","0","4.08","1.08"
"30004","375","2014","2","20","51",NULL,"16.46","10.98","22.58","12.93","81.4","0","5.59","0.82"
"30004","375","2014","2","21","52",NULL,"11.78","3","18.44","5.32","61.49","21.08","11.33","1.63"
"30004","375","2014","2","22","53",NULL,"8.43","1.09","17.82","-1.89","54.64","0","10.15","0.66"
"30004","375","2014","2","23","54",NULL,"10.72","1.82","20.99","1.55","59.85","0","11.11","0.63"
"30004","375","2014","2","24","55",NULL,"9.88","3.66","17.1","0.73","56.55","0","12.56","1.17"
"30004","375","2014","2","25","56",NULL,"7.83","1.95","15.26","2.6","70.3","1.524","9.96","0.97"
"30004","375","2014","2","26","57",NULL,"4.15","-1.22","8.74","-4.65","52.35","0.254","7.31","1.62"
"30004","375","2014","2","27","58",NULL,"0.79","-4.98","8.54","-13.18","36.53","0","14.74","1.88"
"30004","375","2014","2","28","59",NULL,"4.01","-5.77","11.76","-8.91","42.98","0","13.16","0.99"
"30004","375","2014","3","1","60",NULL,"8.42","4.12","14.21","0.75","57.9","0.508","6.76","0.94"
"30004","375","2014","3","2","61",NULL,"13.09","4.91","22.96","6.35","66.38","0","11.97","0.83"
"30004","375","2014","3","3","62",NULL,"8.21","-0.1","15.48","6.78","86.6","8.13","4.01","1.59"
"30004","375","2014","3","4","63",NULL,"2.95","0.1","5.3","-3.36","64.14","0","7.07","1.24"
"30004","375","2014","3","5","64",NULL,"7.06","0.36","16.96","-1.26","55.39","0","14.5","0.79"
"30004","375","2014","3","6","65",NULL,"3.82","1.87","7.03","-1.14","70.8","6.35","4.42","1.5"
"30004","375","2014","3","7","66",NULL,"7.37","3.27","15","5.54","89.3","5.588","8.42","0.78"
"30004","375","2014","3","8","67",NULL,"9.73","0.23","20.12","3.69","72.1","0","16.41","0.99"
"30004","375","2014","3","9","68",NULL,"11.7","4.52","20.38","5.2","69.19","0","16.5","1.15"
"30004","375","2014","3","10","69",NULL,"12.29","3.86","21.83","5.84","69.48","0","17.53","1.21"
"30004","375","2014","3","11","70",NULL,"15.46","4.91","26.18","8.12","66.48","0","16.67","0.94"
"30004","375","2014","3","12","71",NULL,"12.85","2.87","21.32","10.1","76.8","7.62","6.99","2.21"
"30004","375","2014","3","13","72",NULL,"3.97","-0.69","10.64","-7.21","46.69","0","19.23","2.21"
"30004","375","2014","3","14","73",NULL,"8.44","-2.93","18.93","-4.17","49.08","0","18.44","0.75"
"30004","375","2014","3","15","74",NULL,"13.57","6.11","21.05","4.3","55.66","0","15.19","0.89"
"30004","375","2014","3","16","75",NULL,"11.16","9.59","12.57","10.68","96.8","42.16","1.49","0.81"
"30004","375","2014","3","17","76",NULL,"5.36","2.28","10.06","5.27","98","8.13","2.62","1.17"
"30004","375","2014","3","18","77",NULL,"5.35","1.22","9.73","3.54","87.8","0.254","6.45","1.11"
"30004","375","2014","3","19","78",NULL,"8.21","4.65","14.14","6.65","90.1","0","6.23","0.83"
"30004","375","2014","3","20","79",NULL,"10","3.13","18.28","2.05","64.91","0","19.07","1.19"
"30004","375","2014","3","21","80",NULL,"9.69","-1.28","20.13","-0.43","58.67","0","15.88","0.65"
"30004","375","2014","3","22","81",NULL,"13.95","4.58","23.55","6.15","62.81","0","13.53","0.87"
"30004","375","2014","3","23","82",NULL,"10.63","5.77","16.24","6.15","74.7","0.508","13.26","1.32"
"30004","375","2014","3","24","83",NULL,"8.17","-1.28","15.97","-0.48","57.65","0","18.34","0.85"
"30004","375","2014","3","25","84",NULL,"5.72","0.23","9.79","-2.51","54.66","0.254","14.95","2.24"
"30004","375","2014","3","26","85",NULL,"3.12","-2.87","11.36","-10.56","38.98","0","21.24","1.35"
"30004","375","2014","3","27","86",NULL,"9.74","-1.55","19.13","-3.73","43.06","0","19.71","1.07"
"30004","375","2014","3","28","87",NULL,"13.2","10.32","15.4","11.84","91.1","3.048","2.87","0.87"
"30004","375","2014","3","29","88",NULL,"13.08","6.1","18.96","11.51","87.8","6.858","6.85","1.87"
"30004","375","2014","3","30","89",NULL,"9.86","3.73","17.16","0.34","55.07","0","21.07","2.37"
"30004","375","2014","3","31","90",NULL,"12.94","0.43","26.24","-1.29","49.05","0","20.54","0.81"
"30004","375","2014","4","1","91",NULL,"16.78","6.44","28.68","1.43","43.56","0","20.64","0.97"
"30004","375","2014","4","2","92",NULL,"17.86","6.64","28.42","4.61","48.14","0","18.96","0.82"
"30004","375","2014","4","3","93",NULL,"19.94","13.29","28.29","13","66.98","0","16.38","0.98"
"30004","375","2014","4","4","94",NULL,"18.9","13.88","23.83","13.01","69.98","0","6.88","1.39"
"30004","375","2014","4","5","95",NULL,"13.12","7.75","18.88","4.54","57.99","0","19.44","1.43"
"30004","375","2014","4","6","96",NULL,"11.91","9.27","15.86","5.06","63.92","6.858","6.67","1.12"
"30004","375","2014","4","7","97",NULL,"10.18","8.21","12.97","10.09","99.1","91.7","2.11","1.33"
"30004","375","2014","4","8","98",NULL,"10.89","6.24","16.96","5.24","71.3","0","16.09","1.49"
"30004","375","2014","4","9","99",NULL,"12.51","6.5","19.34","4.08","60.54","0","21.2","1.59"
"30004","375","2014","4","10","100",NULL,"13.74","2.81","24.53","3.23","57.61","0","21.89","0.81"
"30004","375","2014","4","11","101",NULL,"14.92","6.7","23.68","6.45","60.71","0","17.21","0.88"
"30004","375","2014","4","12","102",NULL,"18.04","7.89","27.69","9.97","65.32","0","20.81","0.74"
"30004","375","2014","4","13","103",NULL,"19.43","12.37","27.05","12.33","66.29","0","13.64","0.85"
"30004","375","2014","4","14","104",NULL,"18.05","16.19","20.2","15.53","85.2","16","5.21","0.8"
"30004","375","2014","4","15","105",NULL,"9.53","2.08","17.31","7.85","81.4","20.07","11.78","1.95"
"30004","375","2014","4","16","106",NULL,"7.57","-2.14","16.77","-2.38","54.89","0","22.66","1.12"
"30004","375","2014","4","17","107",NULL,"11.48","3.47","18.41","1.2","50.64","0","21.5","1.26"
"30004","375","2014","4","18","108",NULL,"11","8.6","13.49","6.59","75.7","24.89","4.38","1.04"
"30004","375","2014","4","19","109",NULL,"13.17","9.2","17.3","10.17","82.7","2.54","8.7","1.09"
"30004","375","2014","4","20","110",NULL,"15.84","7.75","24.53","5.59","54.33","0","21.93","1.05"
"30004","375","2014","4","21","111",NULL,"15.85","5.64","26.31","6.91","61.99","0","21.87","0.81"
"30004","375","2014","4","22","112",NULL,"15.89","10.45","21.39","13.63","86.5","1.016","9.14","0.98"
"30004","375","2014","4","23","113",NULL,"17.4","9.4","25.85","7.98","59.49","0","23.08","1.19"
"30004","375","2014","4","24","114",NULL,"16.74","6.04","26.83","6.62","55.26","0","22.28","0.89"
"30004","375","2014","4","25","115",NULL,"19.3","12.96","25.65","12.55","67.37","0","17.97","1.29"
"30004","375","2014","4","26","116",NULL,"17.81","8.48","28.15","8.61","62.46","0","23.08","0.73"
"30004","375","2014","4","27","117",NULL,"18.68","10.39","28.42","14.14","78.3","2.286","16.31","0.7"
"30004","375","2014","4","28","118",NULL,"20.53","15","26.59","17.78","85.2","0","10.62","0.79"
"30004","375","2014","4","29","119",NULL,"21.22","17.7","25.53","17.21","78.7","5.08","12.6","1.12"
"30004","375","2014","4","30","120",NULL,"18.05","15.2","21.66","16.83","93","6.096","5.71","0.86"
"30004","375","2014","5","1","121",NULL,"14.46","9.13","19.99","8.72","70.6","0","20.85","1.32"
"30004","375","2014","5","2","122",NULL,"14.57","8.61","22.03","5.57","59.58","0","23.11","0.97"
"30004","375","2014","5","3","123",NULL,"15.62","6.11","24.81","6.45","60.18","0","23.84","1.15"
"30004","375","2014","5","4","124",NULL,"19.01","8.54","29.74","8.98","59.71","0","23.51","1.06"
"30004","375","2014","5","5","125",NULL,"21.28","11.45","31.72","11.41","59.6","0","23.74","1.04"
"30004","375","2014","5","6","126",NULL,"21.53","11.78","31.12","12.18","61.6","0","24.15","0.91"
"30004","375","2014","5","7","127",NULL,"20.9","11.71","31.19","11.71","64.12","0","23.86","0.81"
"30004","375","2014","5","8","128",NULL,"21.57","12.31","31.06","14.1","67.73","0","20.45","0.77"
"30004","375","2014","5","9","129",NULL,"19.85","17.11","25.67","17.03","84.6","9.4","7.51","0.74"
"30004","375","2014","5","10","130",NULL,"19.08","16.32","23.75","18.09","94.1","0.508","7.43","0.64"
"30004","375","2014","5","11","131",NULL,"21.34","15.33","29.08","17.74","82.3","0","18","0.69"
"30004","375","2014","5","12","132",NULL,"23.01","16.19","30.86","18.29","77.7","0","17.61","0.67"
"30004","375","2014","5","13","133",NULL,"23.22","16.59","31.25","16.69","71","0","21.02","0.7"
"30004","375","2014","5","14","134",NULL,"21.34","16.72","27.89","17.35","80.1","25.4","15.88","0.89"
"30004","375","2014","5","15","135",NULL,"15.19","9.86","18.76","13.19","86.2","2.032","10.92","1.45"
"30004","375","2014","5","16","136",NULL,"12.82","5.97","20.39","5.46","65.39","0","22.13","1.4"
"30004","375","2014","5","17","137",NULL,"11.22","4.58","18.02","8.41","83.7","0.254","9.12","0.75"
"30004","375","2014","5","18","138",NULL,"13.26","11.25","16.26","13.09","98.6","19.3","5.46","0.54"
"30004","375","2014","5","19","139",NULL,"15.45","11.45","23.09","12.56","85","0","17.19","0.65"
"30004","375","2014","5","20","140",NULL,"18.76","10.12","28.16","14.48","78.6","0","18.66","0.75"
"30004","375","2014","5","21","141",NULL,"21.41","13.42","30.07","14.74","71.4","0","23.34","1.18"
"30004","375","2014","5","22","142",NULL,"22.38","14.47","30.33","16.72","73.6","0","23.39","1.22"
"30004","375","2014","5","23","143",NULL,"23.73","16.92","30.99","18.09","74.3","0","21.7","1.09"
"30004","375","2014","5","24","144",NULL,"22.39","16.26","29.41","18.12","79.6","1.524","17.45","0.76"
"30004","375","2014","5","25","145",NULL,"22.68","16.32","30.73","17.33","75.7","1.016","20.41","0.71"
"30004","375","2014","5","26","146",NULL,"21.31","15.26","28.55","17.78","81.7","1.778","15.14","0.7"
"30004","375","2014","5","27","147",NULL,"23.01","17.38","28.96","19.25","81.2","1.016","15.57","0.76"
"30004","375","2014","5","28","148",NULL,"22.9","17.18","29.74","18.61","79.3","0","17.28","0.71"
"30004","375","2014","5","29","149",NULL,"22.38","17.18","29.54","19.72","87","5.08","13.24","0.62"
"30004","375","2014","5","30","150",NULL,"21.39","18.04","28.49","19.73","91.2","3.556","12.08","0.62"
"30004","375","2014","5","31","151",NULL,"23.04","17.38","31.25","19.79","84.2","2.032","19.18","0.65"
"30004","375","2014","6","1","152",NULL,"22.05","18.76","25.98","18.11","79","0.254","13.7","0.86"
"30004","375","2014","6","2","153",NULL,"20.62","15.13","27.17","13.38","65.45","0","21.46","0.77"
"30004","375","2014","6","3","154",NULL,"22.78","16.52","30.66","17.59","73.9","0","17.59","0.82"
"30004","375","2014","6","4","155",NULL,"24.45","17.97","31.31","19.88","78","0","19.65","0.97"
"30004","375","2014","6","5","156",NULL,"24.03","19.26","30.66","19.56","78.3","7.37","17.23","1.25"
"30004","375","2014","6","6","157",NULL,"22.95","18.43","29.01","20.21","85.5","0.508","17.05","0.99"
"30004","375","2014","6","7","158",NULL,"24.46","19.48","31.06","19.89","78.3","0","20.45","0.94"
"30004","375","2014","6","8","159",NULL,"23.39","18.03","29.54","19.83","82","4.572","20.79","1.16"
"30004","375","2014","6","9","160",NULL,"23.97","18.16","30.66","19.52","78.9","0","17.19","0.84"
"30004","375","2014","6","10","161",NULL,"22.08","17.18","31.65","19.42","87.2","15.49","16.24","0.85"
"30004","375","2014","6","11","162",NULL,"21.74","18.49","27.63","19.67","89","9.4","15.57","0.77"
"30004","375","2014","6","12","163",NULL,"21.2","17.31","27.5","18.55","86","0.762","14.77","0.88"
"30004","375","2014","6","13","164",NULL,"21.37","17.64","27.76","18.88","87.4","1.524","12.55","0.81"
"30004","375","2014","6","14","165",NULL,"23.1","16.98","31.24","18.7","79.5","0.254","21.63","0.71"
"30004","375","2014","6","15","166",NULL,"23.81","18.89","31.13","20.55","83.1","0","11.74","0.63"
"30004","375","2014","6","16","167",NULL,"25.58","20","32.24","20.44","76","0","18.05","0.74"
"30004","375","2014","6","17","168",NULL,"24.97","19.42","32.58","20.67","79.3","0","15.02","0.62"
"30004","375","2014","6","18","169",NULL,"24.9","19.74","33.89","21.34","83.2","0.762","16.86","0.62"
"30004","375","2014","6","19","170",NULL,"25.96","20.07","33.69","19.9","73.1","0","21.29","0.89"
"30004","375","2014","6","20","171",NULL,"24.89","18.56","32.19","20.66","79.2","3.048","17.13","0.8"
"30004","375","2014","6","21","172",NULL,"23.92","19.35","32.51","20.01","81","0.762","17.66","0.97"
"30004","375","2014","6","22","173",NULL,"24.79","17.84","32.64","19.08","74","0","22.87","0.93"
"30004","375","2014","6","23","174",NULL,"22.65","19.35","30.53","20.99","91.3","11.43","10.55","0.64"
"30004","375","2014","6","24","175",NULL,"22.84","19.41","29.28","20.51","88","0","14.14","0.72"
"30004","375","2014","6","25","176",NULL,"24.52","20.27","30.73","20.22","78.8","0.254","18.04","1.14"
"30004","375","2014","6","26","177",NULL,"23.48","19.15","29.87","20.08","82.8","0","13.39","0.86"
"30004","375","2014","6","27","178",NULL,"24.93","20.07","31.59","20.62","79.2","0","18.4","1.1"
"30004","375","2014","6","28","179",NULL,"25.23","20.53","30.86","20.33","76.5","0","18.05","0.87"
"30004","375","2014","6","29","180",NULL,"23.91","19.81","31.72","21.22","86.5","2.286","14.68","0.62"
"30004","375","2014","6","30","181",NULL,"22.67","19.28","28.37","21.5","93.1","5.08","9.67","0.58"
"30004","375","2014","7","1","182",NULL,"25.8","19.54","32.9","21.26","78.9","0","21.46","0.87"
"30004","375","2014","7","2","183",NULL,"27.07","20.6","34.21","20.92","73","0","22.4","0.96"
"30004","375","2014","7","3","184",NULL,"25.06","19.74","30.93","18.28","68.16","0","23.91","1.46"
"30004","375","2014","7","4","185",NULL,"22.46","15.26","30.73","15.63","67.35","0","22.21","1.1"
"30004","375","2014","7","5","186",NULL,"23.41","17.77","30.46","13.58","56.18","0","23.37","0.9"
"30004","375","2014","7","6","187",NULL,"23.85","16.92","31.52","17.77","70.7","0","20.03","0.71"
"30004","375","2014","7","7","188",NULL,"24.88","18.63","32.38","18.9","72.8","0","17.67","0.86"
"30004","375","2014","7","8","189",NULL,"25.29","17.58","32.58","18.42","68.7","0","19.5","1.09"
"30004","375","2014","7","9","190",NULL,"26.05","22.12","31.19","19.21","67.19","0","18.03","1.03"
"30004","375","2014","7","10","191",NULL,"25.31","20","32.51","20.51","77.4","1.524","19.8","0.85"
"30004","375","2014","7","11","192",NULL,"24.15","20.4","33.3","21.3","86.1","26.16","15.06","0.68"
"30004","375","2014","7","12","193",NULL,"25.08","19.67","32.9","21.08","81.1","0.254","18.19","0.61"
"30004","375","2014","7","13","194",NULL,"26.11","19.55","33.29","20.66","75.1","0","19.79","0.66"
"30004","375","2014","7","14","195",NULL,"25.4","21.13","31.45","22.33","84.2","2.54","13.26","0.77"
"30004","375","2014","7","15","196",NULL,"24.12","19.81","29.08","20.44","81.1","0","17.79","1.14"
"30004","375","2014","7","16","197",NULL,"21.78","15","28.81","14.67","67.84","0","25.02","1.17"
"30004","375","2014","7","17","198",NULL,"21.56","13.22","29.54","15.8","72.7","0","21.3","0.7"
"30004","375","2014","7","18","199",NULL,"22.1","19.68","25.86","19.63","86","6.096","7.2","0.54"
"30004","375","2014","7","19","200",NULL,"19.75","17.96","21.92","19.46","98.1","44.2","4.66","0.69"
"30004","375","2014","7","20","201",NULL,"20.96","17.77","24.21","19.96","93.7","1.016","7.4","0.65"
"30004","375","2014","7","21","202",NULL,"24.31","21.39","28.68","21.86","87.1","2.032","12.25","0.65"
"30004","375","2014","7","22","203",NULL,"24.28","21.13","30.86","21.71","86.6","2.032","14.18","0.64"
"30004","375","2014","7","23","204",NULL,"24.51","21.06","31.32","22.26","88.7","1.016","14.09","0.61"
"30004","375","2014","7","24","205",NULL,"24.28","20.66","31.32","21.81","87.3","0.254","14.3","0.84"
"30004","375","2014","7","25","206",NULL,"24.21","18.96","31.52","19.66","78.9","0","17.45","0.74"
"30004","375","2014","7","26","207",NULL,"24.38","17.18","33.15","17.71","71.4","0","22.48","0.79"
"30004","375","2014","7","27","208",NULL,"26.5","18.89","33.76","20.93","74","0","19.06","1.13"
"30004","375","2014","7","28","209",NULL,"26.34","18.89","31.32","18.68","64.03","0","22.63","1.58"
"30004","375","2014","7","29","210",NULL,"21.56","15.59","28.68","14.37","66.92","0","21.65","1.2"
"30004","375","2014","7","30","211",NULL,"20.37","11.78","29.28","14.03","71","0","20.01","0.74"
"30004","375","2014","7","31","212",NULL,"21.15","16.98","27.37","18.43","85","6.35","9.67","0.67"
"30004","375","2014","8","1","213",NULL,"22.01","18.16","28.15","18.96","84.1","1.524","16.68","0.74"
"30004","375","2014","8","2","214",NULL,"22.48","18.43","29.34","18.95","81.5","0","14.48","0.7"
"30004","375","2014","8","3","215",NULL,"23.77","17.74","30.71","19.2","78.37","0","26.53","0.89"
"30004","375","2014","8","4","216",NULL,"24.51","18.52","31.59","18.85","74.33","0","21.95","0.7"
"30004","375","2014","8","5","217",NULL,"24","17.78","31.97","16.58","68.99","0","22.5","0.9"
"30004","375","2014","8","6","218",NULL,"24.06","16.26","32.51","18.04","73.3","0","18.01","0.75"
"30004","375","2014","8","7","219",NULL,"25.51","19.29","35.72","19.95","76.8","3.556","20.24","0.82"
"30004","375","2014","8","8","220",NULL,"22.21","19.45","28.1","21.08","93.7","20.07","10.5","0.64"
"30004","375","2014","8","9","221",NULL,"23.59","19.22","31.78","21.37","88.6","26.42","14.87","0.61"
"30004","375","2014","8","10","222",NULL,"23.52","21.13","28.88","22","91.6","0.254","9.41","0.52"
"30004","375","2014","8","11","223",NULL,"23.8","20.86","29.34","21.72","88.5","0","10.06","0.62"
"30004","375","2014","8","12","224",NULL,"25.15","20.66","31.59","20.99","79.7","0","17.03","0.97"
"30004","375","2014","8","13","225",NULL,"22.37","16.59","28.81","15.84","70.2","0","23.2","1.15"
"30004","375","2014","8","14","226",NULL,"21.09","14.15","30.13","16.3","77.5","0","19.86","0.63"
"30004","375","2014","8","15","227",NULL,"22.11","15.33","31.06","16.85","75.8","0","15.27","0.64"
"30004","375","2014","8","16","228",NULL,"23.28","15.79","31.91","17.02","72.9","0","19.83","0.75"
"30004","375","2014","8","17","229",NULL,"22.96","17.31","32.11","20.43","87.4","17.27","15.18","0.68"
"30004","375","2014","8","18","230",NULL,"23.72","20.07","30.99","21.29","88","3.81","12.22","0.87"
"30004","375","2014","8","19","231",NULL,"22.87","19.87","29.87","21.1","91","12.7","12.67","0.89"
"30004","375","2014","8","20","232",NULL,"23.87","19.42","31.39","21.21","86.2","0.254","13.2","0.83"
"30004","375","2014","8","21","233",NULL,"25.49","18.69","33.81","20.83","78.7","0.254","19.92","0.93"
"30004","375","2014","8","22","234",NULL,"26.42","20.66","33.89","21.54","77.9","0","18.82","0.94"
"30004","375","2014","8","23","235",NULL,"25.89","20.99","33.94","22.34","83.3","1.016","16.91","0.82"
"30004","375","2014","8","24","236",NULL,"25.42","21.32","31.45","21.46","80.1","0","13.41","0.8"
"30004","375","2014","8","25","237",NULL,"23.28","18.23","28.95","17.48","71","0","20.07","0.9"
"30004","375","2014","8","26","238",NULL,"22.84","16.59","31.11","16.1","67.97","0","21.07","0.78"
"30004","375","2014","8","27","239",NULL,"23.2","15.73","32.3","16.69","70.9","0","20.58","0.75"
"30004","375","2014","8","28","240",NULL,"24.12","16.32","34.27","16.9","70.6","0","21.14","0.66"
"30004","375","2014","8","29","241",NULL,"24.96","16.59","34.67","16.3","66.29","0","20.93","0.68"
"30004","375","2014","8","30","242",NULL,"24.79","19.22","33.04","20.67","78.9","4.572","12.7","0.72"
"30004","375","2014","8","31","243",NULL,"24.72","19.61","32.96","21.29","83.7","0","15.97","0.65"
"30004","375","2014","9","1","244",NULL,"24.23","20","32.78","21.72","88","5.08","11.47","0.61"
"30004","375","2014","9","2","245",NULL,"24.09","20.14","31.72","21.48","86.9","0.254","11.95","0.68"
"30004","375","2014","9","3","246",NULL,"24.58","20.93","32.64","21.25","84.2","17.27","14.23","0.68"
"30004","375","2014","9","4","247",NULL,"23.02","20.07","27.91","22.01","94.2","1.016","7.9","0.54"
"30004","375","2014","9","5","248",NULL,"24.7","20.53","32.76","21.67","85.5","0","14.9","0.58"
"30004","375","2014","9","6","249",NULL,"25","19.74","32.38","21.53","83.3","0","13.53","0.63"
"30004","375","2014","9","7","250",NULL,"23.89","20.27","32.38","21.92","90.2","47.75","11.52","0.66"
"30004","375","2014","9","8","251",NULL,"23.19","20","29.41","21.35","90","8.64","11.46","0.61"
"30004","375","2014","9","9","252",NULL,"22.97","18.17","29.8","19.66","82.7","0","13.34","0.64"
"30004","375","2014","9","10","253",NULL,"23.41","19.74","30.07","20.51","84.6","0","10.93","0.67"
"30004","375","2014","9","11","254",NULL,"24.73","19.74","31.45","21.65","85","13.72","14.18","0.81"
"30004","375","2014","9","12","255",NULL,"25.04","21.85","31.12","22.63","87.9","3.556","13.54","0.72"
"30004","375","2014","9","13","256",NULL,"24.29","19.41","29.87","21.57","85.7","0","14.47","1.01"
"30004","375","2014","9","14","257",NULL,"19.8","17.44","21.99","18.58","92.5","0","4.47","0.77"
"30004","375","2014","9","15","258",NULL,"20.48","17.44","24.34","19.42","93.4","0","6.1","0.53"
"30004","375","2014","9","16","259",NULL,"23.66","19.22","29.8","20.34","83.7","0","14.79","0.92"
"30004","375","2014","9","17","260",NULL,"21.32","14.73","27.76","16.78","78.2","0","18.14","0.98"
"30004","375","2014","9","18","261",NULL,"21.46","14.87","30.33","16.96","78.7","0","16.18","0.66"
"30004","375","2014","9","19","262",NULL,"21.64","17.51","27.95","18.31","82.7","0","12.15","0.74"
"30004","375","2014","9","20","263",NULL,"21.2","16.06","28.02","16.59","77","0","15.63","0.82"
"30004","375","2014","9","21","264",NULL,"21.63","13.82","29.67","17.03","78.2","1.016","16.25","0.93"
"30004","375","2014","9","22","265",NULL,"20.11","14.47","26.57","14.64","73.5","0","17.16","0.95"
"30004","375","2014","9","23","266",NULL,"17.71","12.31","24.46","13.22","77.1","0","14.34","0.86"
"30004","375","2014","9","24","267",NULL,"17.88","12.24","25.31","10.99","66.31","0","17.4","0.95"
"30004","375","2014","9","25","268",NULL,"19.45","16.12","25.4","16.26","82.8","0","10.16","0.72"
"30004","375","2014","9","26","269",NULL,"19.37","16.19","24.48","16.81","85.7","0","6.69","0.76"
"30004","375","2014","9","27","270",NULL,"19.38","16.92","24.87","16.72","85.3","0","6.61","0.67"
"30004","375","2014","9","28","271",NULL,"19.78","17.31","22.96","17.48","86.5","0.762","6.01","0.62"
"30004","375","2014","9","29","272",NULL,"19.05","17.83","21.72","18.5","96.5","4.064","4.41","0.52"
"30004","375","2014","9","30","273",NULL,"20.9","16.32","28.61","17.1","81.8","0","15.48","0.68"
"30004","375","2014","10","1","274",NULL,"19.69","13.62","29.41","16","82.6","0","12.63","0.56"
"30004","375","2014","10","2","275",NULL,"20.63","13.95","29.08","16.9","81.6","0","13.3","0.63"
"30004","375","2014","10","3","276",NULL,"20.64","16.98","24.22","18.59","88.2","15.75","5.42","0.86"
"30004","375","2014","10","4","277",NULL,"12.04","5.25","17.31","5.33","64.1","0","15.97","1.66"
"30004","375","2014","10","5","278",NULL,"10.75","2.22","21.18","4.4","70.8","0","15.05","0.83"
"30004","375","2014","10","6","279",NULL,"14.92","7.16","24.48","10.76","78.1","0","11.73","0.8"
"30004","375","2014","10","7","280",NULL,"19.2","13.02","26.71","14.67","76.7","0","12.34","0.88"
"30004","375","2014","10","8","281",NULL,"20.24","14.8","27.89","17.93","88","4.572","12","0.79"
"30004","375","2014","10","9","282",NULL,"21.08","16.65","29.87","19.02","89.7","2.032","10.3","0.6"
"30004","375","2014","10","10","283",NULL,"21.8","15.99","29.34","17.68","80.7","2.54","12.19","0.82"
"30004","375","2014","10","11","284",NULL,"21.14","17.58","26.99","19.47","91.3","7.37","8.02","0.76"
"30004","375","2014","10","12","285",NULL,"18.81","15.26","25.93","18.17","96","4.572","6.35","0.76"
"30004","375","2014","10","13","286",NULL,"18.63","14.93","23.69","17.84","94.8","0","5.14","0.93"
"30004","375","2014","10","14","287",NULL,"18.68","11.71","22.78","17.71","93.1","62.23","3.36","1.1"
"30004","375","2014","10","15","288",NULL,"14.02","10.32","18.56","11.02","83.3","0","4.88","0.67"
"30004","375","2014","10","16","289",NULL,"13.05","7.88","16.91","10.2","83.6","0","5.5","1.18"
"30004","375","2014","10","17","290",NULL,"14.7","6.44","25.34","10.66","79.8","0","10.36","0.8"
"30004","375","2014","10","18","291",NULL,"15.59","9.53","21.06","10.77","75.4","0","10.26","1.22"
"30004","375","2014","10","19","292",NULL,"12.15","5.44","21.52","8.05","79.5","0","10.04","0.69"
"30004","375","2014","10","20","293",NULL,"12.99","5.51","21.99","9.55","82.5","0","9.16","0.69"
"30004","375","2014","10","21","294",NULL,"13.72","7.88","21.64","9.75","80","0","8.72","0.96"
"30004","375","2014","10","22","295",NULL,"11.25","4.39","20.8","5.9","75","0","9.09","0.9"
"30004","375","2014","10","23","296",NULL,"10.04","2.28","19.41","6.5","82","0","9.12","0.8"
"30004","375","2014","10","24","297",NULL,"12.24","6.56","22.25","7.55","78.3","0","8.47","0.76"
"30004","375","2014","10","25","298",NULL,"12.64","3.66","23.11","7.56","76.4","0","8.05","0.73"
"30004","375","2014","10","26","299",NULL,"16.58","9.46","26.79","12.03","79.8","0","7.59","0.83"
"30004","375","2014","10","27","300",NULL,"17.28","9.33","28.37","14.37","84.9","0","7.18","0.57"
"30004","375","2014","10","28","301",NULL,"16.49","10.98","24.1","13.93","86.6","0","6.92","0.71"
"30004","375","2014","10","29","302",NULL,"13.35","6.96","21.06","12.62","94.4","1.524","4.97","0.88"
"30004","375","2014","10","30","303",NULL,"9.59","2.81","18.55","4.61","76.4","0.254","6.58","0.73"
"30004","375","2014","10","31","304",NULL,"7.95","2.28","16.79","4.59","80.8","1.524","6.34","1.36"
"30004","375","2014","11","1","305",NULL,"3.71","1.61","7.09","-0.31","75.3","0","6.39","2.5"
"30004","375","2014","11","2","306",NULL,"4.86","-1.03","13.69","-2.3","64.32","0","6.24","1.31"
"30004","375","2014","11","3","307",NULL,"6.39","-2.27","17.51","-0.76","68.53","0","6.12","0.65"
"30004","375","2014","11","4","308",NULL,"9.44","2.15","19.87","2.25","68.48","0","6.54","0.66"
"30004","375","2014","11","5","309",NULL,"12.12","5.91","18.75","10.12","86.9","0","4.91","0.54"
"30004","375","2014","11","6","310",NULL,"15.14","7.82","20.2","10.36","72.7","2.794","4.03","1.52"
"30004","375","2014","11","7","311",NULL,"7.63","2.01","13.88","1.77","68.72","0","5.26","1.03"
"30004","375","2014","11","8","312",NULL,"6.73","-0.3","15.46","2.58","78.7","0","5.6","0.66"
"30004","375","2014","11","9","313",NULL,"8.51","1.22","18.37","3.95","78.2","0","4.75","0.68"
"30004","375","2014","11","10","314",NULL,"9.07","0.56","19.81","4.87","79.2","0","4.3","0.64"
"30004","375","2014","11","11","315",NULL,"10.08","2.67","20.21","5.83","79.3","0","4.04","0.71"
"30004","375","2014","11","12","316",NULL,"10.42","5.18","17.58","8.24","86.4","0","5.11","1.15"
"30004","375","2014","11","13","317",NULL,"3.63","-0.3","7.69","0.34","78.4","0","4.36","2.11"
"30004","375","2014","11","14","318",NULL,"-0.24","-4.39","5.64","-8.08","57.43","0","3.53","1.59"
"30004","375","2014","11","15","319",NULL,"1.67","-4.06","7.63","-6.71","55.81","0","3.07","0.96"
"30004","375","2014","11","16","320",NULL,"6.52","2.14","11.25","1.81","69.63","19.3","2.51","0.89"
"30004","375","2014","11","17","321",NULL,"4.79","-2.28","10.39","3.78","88.2","49.28","2.17","1.7"
"30004","375","2014","11","18","322",NULL,"-2.84","-5.77","0.83","-10.29","57.2","0","4.43","1.76"
"30004","375","2014","11","19","323",NULL,"-0.81","-8.88","8.35","-8.04","61.87","0","3.14","0.8"
"30004","375","2014","11","20","324",NULL,"3.77","-3.66","13.76","-1.71","70.3","0","2.37","0.96"
"30004","375","2014","11","21","325",NULL,"5.18","-2.08","15.67","-0.06","75","0","2.25","0.67"
"30004","375","2014","11","22","326",NULL,"7.86","0.17","14.35","-3.08","49.26","0","2.38","1.03"
"30004","375","2014","11","23","327",NULL,"9.14","5.57","14.03","8.2","92.8","40.89","1.12","1.15"
"30004","375","2014","11","24","328",NULL,"15.73","8.94","22.51","11.99","80.6","0","2.31","0.92"
"30004","375","2014","11","25","329",NULL,"10.76","6.97","15.93","0.73","51.93","0","3.75","1.07"
"30004","375","2014","11","26","330",NULL,"7.93","4.25","11.58","-1.26","53.62","0","1.66","1.2"
"30004","375","2014","11","27","331",NULL,"4.47","-0.17","8.29","-2.22","61.98","0","3.41","1.91"
"30004","375","2014","11","28","332",NULL,"0.8","-3.92","7.76","-5.89","64.19","0","1.58","0.9"
"30004","375","2014","11","29","333",NULL,"5.32","-3.66","14.28","-1.71","64.67","0","3.02","0.72"
"30004","375","2014","11","30","334",NULL,"10.95","5.11","18.44","6.6","74.4","0","2.94","0.88"
"30004","375","2014","12","1","335",NULL,"11.28","3.93","20.28","9.03","85.5","0","2.38","0.64"
"30004","375","2014","12","2","336",NULL,"11.82","5.18","20.88","8.87","84.4","0","2.09","0.63"
"30004","375","2014","12","3","337",NULL,"12.34","7.23","19.42","10.39","88.6","0","3.91","0.73"
"30004","375","2014","12","4","338",NULL,"12.46","8.08","17.38","11.14","91.9","0.254","3.37","0.69"
"30004","375","2014","12","5","339",NULL,"11.38","9.93","12.97","10.82","96.3","0","2.17","1.04"
"30004","375","2014","12","6","340",NULL,"10.77","7.69","14.67","10.37","96.6","18.29","2.47","1.07"
"30004","375","2014","12","7","341",NULL,"7.98","2.35","14.62","1.95","69.21","0","1.44","1.05"
"30004","375","2014","12","8","342",NULL,"5.22","2.67","7.63","-2.04","59.31","0","4.06","1.17"
"30004","375","2014","12","9","343",NULL,"5.08","0.63","11.05","1.18","77.7","0","2.65","1.5"
"30004","375","2014","12","10","344",NULL,"3.37","-0.69","8.42","-1.24","72.9","0","1.42","1.62"
"30004","375","2014","12","11","345",NULL,"2.48","-1.81","9.15","-3.9","65.52","0","1.24","1.38"
"30004","375","2014","12","12","346",NULL,"4.02","-3.4","14.82","-5.73","56.6","0","1.2","0.95"
"30004","375","2014","12","13","347",NULL,"5.13","-2.73","15.22","-2.7","61.09","0","1.23","1.17"
"30004","375","2014","12","14","348",NULL,"2.9","-1.94","10.6","-0.52","80.7","0","1.32","1.09"
"30004","375","2014","12","15","349",NULL,"4.68","-3.59","15.28","1.07","79.4","0.254","2.02","0.65"
"30004","375","2014","12","16","350",NULL,"9.5","4.13","12.77","6.01","79.3","3.302","1.77","1.37"
"30004","375","2014","12","17","351",NULL,"4.92","1.42","9.14","2.38","84.1","0","2.58","1.35"
"30004","375","2014","12","18","352",NULL,"5.24","0.43","11.84","0.49","74","0","3.65","0.89"
"30004","375","2014","12","19","353",NULL,"5.25","-0.56","12.1","1.22","77.3","0.254","3.71","0.73"
"30004","375","2014","12","20","354",NULL,"6.74","3.59","9.73","5.89","94.2","3.81","2.7","0.59"
"30004","375","2014","12","21","355",NULL,"7.67","6.11","9.46","6.14","90.1","0.254","2.73","0.97"
"30004","375","2014","12","22","356",NULL,"5.91","4.65","8.02","5.76","99","12.45","1.25","1.27"
"30004","375","2014","12","23","357",NULL,"6.19","4.05","9.67","6.19","100","35.56","1.2","1.15"
"30004","375","2014","12","24","358",NULL,"9.86","7.03","13.69","9.48","96.6","16.51","1.65","1.11"
"30004","375","2014","12","25","359",NULL,"5.16","-0.63","9.87","1.71","79.6","0","1.33","1.37"
"30004","375","2014","12","26","360",NULL,"3.91","-2.47","13.83","0.62","82.7","0","1.47","0.64"
"30004","375","2014","12","27","361",NULL,"6.7","-0.43","14.68","4.76","87.6","2.032","2.73","0.63"
"30004","375","2014","12","28","362",NULL,"11.85","9.2","14.48","11.85","99.8","23.88","1.91","0.59"
"30004","375","2014","12","29","363",NULL,"12.1","10.26","15.86","10.98","93.1","2.286","3.36","0.86"
"30004","375","2014","12","30","364",NULL,"6.85","0.5","10.79","5.24","88.4","0.254","1.87","1.39"
"30004","375","2014","12","31","365",NULL,"3.26","-0.69","7.35","1.07","86.5","0","3.49","0.76"
"30004","375","2015","1","1","1",NULL,"3.91","-2.67","11.18","-1.29","73.6","1.524","3.39","0.71"
"30004","375","2015","1","2","2",NULL,"6.65","3.79","9.14","6.65","99.8","12.45","1.57","0.54"
"30004","375","2015","1","3","3",NULL,"9.44","8.39","12.68","9.44","99.81","12.45","1.34","0.89"
"30004","375","2015","1","4","4",NULL,"12.66","5.79","16.71","11.09","86.84","31.75","2.85","1.19"
"30004","375","2015","1","5","5",NULL,"4.04","-1.26","7.98","-2.89","61.2","0","12.39","1.91"
"30004","375","2015","1","6","6",NULL,"3","-3.59","9.68","-3","68.13","0","8.78","1.01"
"30004","375","2015","1","7","7",NULL,"-1.78","-10.27","3.08","-9","54.88","0","3.58","2.55"
"30004","375","2015","1","8","8",NULL,"-7.12","-13.17","-0.42","-16.92","47.4","0","1.3","1.2"
"30004","375","2015","1","9","9",NULL,"-3","-8.81","2.74","-11.17","55.72","0","3","1.28"
"30004","375","2015","1","10","10",NULL,"-1.38","-8.68","6.77","-12.37","44.71","0","1.76","0.99"
"30004","375","2015","1","11","11",NULL,"1.41","-3.59","5.38","-5.3","60.52","1.778","2.79","0.94"
"30004","375","2015","1","12","12",NULL,"6.36","2.81","8.48","6.36","100","2.54","1.87","0.57"
"30004","375","2015","1","13","13",NULL,"6.3","3","8.68","6.3","99.7","2.032","1.68","0.93"
"30004","375","2015","1","14","14",NULL,"3.21","-0.96","7.02","2.19","93.2","0.254","3.28","0.74"
"30004","375","2015","1","15","15",NULL,"2.02","-2.08","5.05","1.57","96.4","0.508","2.28","0.76"
"30004","375","2015","1","16","16",NULL,"2.99","-2.27","10.07","-1.19","77.3","0.254","1.67","1.2"
"30004","375","2015","1","17","17",NULL,"3.78","-3.46","13.17","-0.27","78.7","0","2.26","0.74"
"30004","375","2015","1","18","18",NULL,"6.41","-0.17","13.36","-0.62","65.72","0","1.86","1.28"
"30004","375","2015","1","19","19",NULL,"6.56","-1.87","17.71","-2.81","59.3","0","2.37","0.79"
"30004","375","2015","1","20","20",NULL,"7.92","-0.16","18.5","1.3","67.91","0","2.85","0.76"
"30004","375","2015","1","21","21",NULL,"6.97","0.83","15.93","0.45","69.14","0","2.33","0.98"
"30004","375","2015","1","22","22",NULL,"5.21","-2.07","12.17","-0.66","70.1","0.508","3.99","0.58"
"30004","375","2015","1","23","23",NULL,"4.38","3.27","5.84","4.35","99.6","22.86","1.13","0.96"
"30004","375","2015","1","24","24",NULL,"4","-0.3","7.83","0.21","77.3","0.508","3.07","1.69"
"30004","375","2015","1","25","25",NULL,"5.28","-3","13.76","0.21","74.1","1.016","2.57","0.82"
"30004","375","2015","1","26","26",NULL,"3.79","0.03","6.3","1.69","84.3","0.762","2.39","1.96"
"30004","375","2015","1","27","27",NULL,"2.92","-0.3","7.49","-1.89","71.2","0","4.83","2.14"
"30004","375","2015","1","28","28",NULL,"2.94","-2.8","10.79","-4.2","63.17","0","3.89","1.1"
"30004","375","2015","1","29","29",NULL,"5.78","-1.94","12.96","-0.95","65.97","0","5.86","0.75"
"30004","375","2015","1","30","30",NULL,"4.94","-0.96","11.71","-3.36","54.9","0","5.27","2.26"
"30004","375","2015","1","31","31",NULL,"2.57","-4.65","9.6","-5.24","60.34","0","5.28","0.64"
"30004","375","2015","2","1","32",NULL,"7.52","1.36","12.24","5.73","83.9","27.94","3.46","0.77"
"30004","375","2015","2","2","33",NULL,"3.97","-3.59","12.5","1.32","74.1","3.556","4.72","2.39"
"30004","375","2015","2","3","34",NULL,"0.42","-5.51","8.94","-6.61","63.65","0","6.81","0.94"
"30004","375","2015","2","4","35",NULL,"3.03","-2.87","10.12","-3.25","67.77","0","6.71","0.58"
"30004","375","2015","2","5","36",NULL,"3.81","-3.53","9.12","-5.96","50.7","0","7.72","1.49"
"30004","375","2015","2","6","37",NULL,"0.34","-7.69","9.99","-9.84","52.57","0","7.3","0.77"
"30004","375","2015","2","7","38",NULL,"5.3","-3.99","16.85","-5.3","53.99","0","7.38","0.83"
"30004","375","2015","2","8","39",NULL,"9.3","-1.42","18.96","4.44","70.2","0","7.89","0.89"
"30004","375","2015","2","9","40",NULL,"12.01","5.58","15.6","10.58","90.6","20.83","2.79","1.05"
"30004","375","2015","2","10","41",NULL,"5.29","0.76","10.98","1.83","79.4","0.254","7.9","1.8"
"30004","375","2015","2","11","42",NULL,"5.26","-2.2","15.46","0.34","74.9","0","7.92","0.82"
"30004","375","2015","2","12","43",NULL,"2.48","-3.86","6.96","-4.89","56.11","0","8.92","2.24"
"30004","375","2015","2","13","44",NULL,"-1.18","-4.85","5.58","-12.64","43.58","0","9.61","1.32"
"30004","375","2015","2","14","45",NULL,"4.56","-4.71","13.75","-6.13","47.66","0","8.87","1.76"
"30004","375","2015","2","15","46",NULL,"-1.26","-6.97","4.19","-16.21","31.84","0","9.74","1.8"
"30004","375","2015","2","16","47",NULL,"0.2","-1.03","2.41","-5.15","67.97","27.18","2.25","0.93"
"30004","375","2015","2","17","48",NULL,"-2.11","-5.18","0.69","-3.33","90.4","0.762","6.97","0.46"
"30004","375","2015","2","18","49",NULL,"-3.94","-7.29","1.16","-7.96","74.2","0.254","6.45","1.55"
"30004","375","2015","2","19","50",NULL,"-8.59","-12.78","-4.26","-17.91","47.9","0","11.46","2.45"
"30004","375","2015","2","20","51",NULL,"-5.15","-10.92","0.1","-14.34","48.76","0","8.31","1.18"
"30004","375","2015","2","21","52",NULL,"2.08","-1.81","7.16","-3.81","64.24","2.794","3.52","1.08"
"30004","375","2015","2","22","53",NULL,"7.09","2.61","10.65","7.09","100","8.38","3.46","0.6"
"30004","375","2015","2","23","54",NULL,"4.29","1.35","8.67","1.91","84.7","8.89","11.24","1.69"
"30004","375","2015","2","24","55",NULL,"0.04","-1.55","1.68","-0.31","97.6","9.14","2.46","0.65"
"30004","375","2015","2","25","56",NULL,"-0.2","-2.87","2.67","-1.17","93.3","7.62","3.02","0.68"
"30004","375","2015","2","26","57",NULL,"0.39","-2.01","2.94","-0.38","94.7","7.37","4.51","1.13"
"30004","375","2015","2","27","58",NULL,"0.81","-3.73","7.81","-3.81","74.7","0","12.2","1.15"
"30004","375","2015","2","28","59",NULL,"4.2","-2.8","11.11","-3.3","60.29","0","10.96","1.39"
"30004","375","2015","3","1","60",NULL,"5.03","1.68","8.93","3.05","85.7","0","5.45","1.1"
"30004","375","2015","3","2","61",NULL,"11","6.57","17.43","8.12","83.7","0.254","11.91","1.21"
"30004","375","2015","3","3","62",NULL,"8.72","7.22","11.45","7.7","93.6","1.524","3.3","0.94"
"30004","375","2015","3","4","63",NULL,"15.37","7.29","24.29","13.27","87.2","2.286","7.93","1.02"
"30004","375","2015","3","5","64",NULL,"6.76","-2.61","18.24","6.76","96.7","5.334","2.75","1.75"
"30004","375","2015","3","6","65",NULL,"2.02","-3.07","9.73","-2.83","72.1","0","13.06","1.28"
"30004","375","2015","3","7","66",NULL,"5.33","-3.59","16.1","-5.53","53.89","0","18.78","0.94"
"30004","375","2015","3","8","67",NULL,"9.76","-2.27","21.9","-2.89","51.68","0","18.74","0.77"
"30004","375","2015","3","9","68",NULL,"13.34","9.4","19.21","5.6","61.41","0.508","8.99","0.79"
"30004","375","2015","3","10","69",NULL,"15.31","10.98","23.04","12.21","81.2","0.508","5.89","0.77"
"30004","375","2015","3","11","70",NULL,"15.61","11.45","20.6","14.8","94.7","2.794","6.03","0.74"
"30004","375","2015","3","12","71",NULL,"15.17","11.12","18.68","11.05","78","0","6.2","1.24"
"30004","375","2015","3","13","72",NULL,"8.93","6.56","14.02","6.39","85.7","9.91","2.89","1.64"
"30004","375","2015","3","14","73",NULL,"11.76","6.89","17.9","11.55","97.1","5.588","5.22","0.76"
"30004","375","2015","3","15","74",NULL,"15.88","7.62","24.8","7.98","65.14","0","18.84","1.05"
"30004","375","2015","3","16","75",NULL,"14.4","2.61","27.76","1.3","53.99","0","21.41","0.92"
"30004","375","2015","3","17","76",NULL,"17.1","7.36","26.52","8.87","60.44","0","18.78","1.48"
"30004","375","2015","3","18","77",NULL,"16.1","9.73","22.1","5.12","51.85","0","14.38","0.88"
"30004","375","2015","3","19","78",NULL,"9.1","6.83","15.99","7.36","91.1","7.62","2.05","1.19"
"30004","375","2015","3","20","79",NULL,"11.43","6.96","19.08","10.32","92.4","0.254","9.88","0.97"
"30004","375","2015","3","21","80",NULL,"15.27","9.73","23.02","8.67","68.5","0.254","18.59","1.02"
"30004","375","2015","3","22","81",NULL,"12.63","10.65","14.94","11.79","94.7","19.05","4.35","0.65"
"30004","375","2015","3","23","82",NULL,"13.8","8.74","20.66","9.96","80.3","0","13.66","0.78"
"30004","375","2015","3","24","83",NULL,"14.2","5.84","23.68","9.22","76.1","0.254","20.96","0.78"
"30004","375","2015","3","25","84",NULL,"16.65","11.45","22.04","13.92","84.6","0","9.93","0.88"
"30004","375","2015","3","26","85",NULL,"18.26","12.29","22.9","13.31","74.8","0.762","11.19","1.07"
"30004","375","2015","3","27","86",NULL,"8.79","3.79","13.67","3.65","70.9","2.794","16.15","2.15"
"30004","375","2015","3","28","87",NULL,"4.62","-0.23","10.44","-6.78","45.79","0","23.59","1.81"
"30004","375","2015","3","29","88",NULL,"6.85","-4.26","15.9","-6.26","44.67","0","23.98","0.89"
"30004","375","2015","3","30","89",NULL,"13.17","7.68","20.32","6.78","66.84","7.62","17.82","1.36"
"30004","375","2015","3","31","90",NULL,"15.02","4.13","24.28","9.06","70.2","0","17.41","1.17"
"30004","375","2015","4","1","91",NULL,"18.62","11.38","27.1","8.09","55.52","0","23.19","1.19"
"30004","375","2015","4","2","92",NULL,"14.08","10.45","17.77","12.76","91","22.1","4.7","0.88"
"30004","375","2015","4","3","93",NULL,"19.53","10.59","28.42","10.77","64.47","3.556","21.93","1.07"
"30004","375","2015","4","4","94",NULL,"14.37","5.77","20.58","5.36","56.36","8.13","24.35","1.67"
"30004","375","2015","4","5","95",NULL,"12.81","3.27","20.25","-1.74","39.84","0","21.03","1.11"
"30004","375","2015","4","6","96",NULL,"14.13","9.66","19.34","10.08","75.9","13.97","8.8","0.96"
"30004","375","2015","4","7","97",NULL,"18.53","14.15","25.73","16.05","87","0","12.12","0.62"
"30004","375","2015","4","8","98",NULL,"21.47","13.03","30.73","14.66","70.8","0","20.7","0.79"
"30004","375","2015","4","9","99",NULL,"22.38","14.67","29.28","15.41","68.24","0","16.26","0.91"
"30004","375","2015","4","10","100",NULL,"19.72","16.12","23.11","17.76","89","21.59","6.52","0.93"
"30004","375","2015","4","11","101",NULL,"17.58","9.33","26.96","8.48","61.38","0.254","24.25","0.92"
"30004","375","2015","4","12","102",NULL,"16.53","9.14","22.58","11.16","71.6","0","10.21","1"
"30004","375","2015","4","13","103",NULL,"17.86","15.79","22.05","16.9","93.7","26.67","4.53","0.78"
"30004","375","2015","4","14","104",NULL,"21.76","17.64","27.43","18.22","82.3","5.588","16.38","1.05"
"30004","375","2015","4","15","105",NULL,"16.8","11.51","21.72","16.32","95.9","18.54","5.7","0.85"
"30004","375","2015","4","16","106",NULL,"11.59","10.32","12.83","11.01","96","2.794","3.25","1.01"
"30004","375","2015","4","17","107",NULL,"14.38","11.64","16.92","14.35","99.2","11.94","4.18","0.53"
"30004","375","2015","4","18","108",NULL,"18.2","15.73","22.51","17.18","93.9","0.254","9.16","0.62"
"30004","375","2015","4","19","109",NULL,"18.74","15.86","20.86","18.32","97.3","23.62","4.64","0.81"
"30004","375","2015","4","20","110",NULL,"18.56","13.29","24.02","14.75","78.9","8.13","14.62","1.37"
"30004","375","2015","4","21","111",NULL,"14.07","7.23","20.64","4.51","56.71","0","25.32","1.3"
"30004","375","2015","4","22","112",NULL,"15.58","4.98","24.47","7.84","65.05","0","24.71","1.35"
"30004","375","2015","4","23","113",NULL,"14.5","9.4","18.42","6.53","61.49","0","15.7","1.26"
"30004","375","2015","4","24","114",NULL,"14.85","4.12","24.53","4.01","53.46","0","23.18","0.72"
"30004","375","2015","4","25","115",NULL,"17.99","13.16","25","16.41","90.1","16","10.44","0.81"
"30004","375","2015","4","26","116",NULL,"20.4","12.17","27.24","15.18","73.7","0","20.79","1.65"
"30004","375","2015","4","27","117",NULL,"14.33","9","21.71","6.91","65.08","0","20.74","1.09"
"30004","375","2015","4","28","118",NULL,"16.02","8.74","23.02","6.54","54.84","0","23.94","0.94"
"30004","375","2015","4","29","119",NULL,"13.24","10.45","16.85","11.87","91.8","7.62","7.44","0.67"
"30004","375","2015","4","30","120",NULL,"15.64","8.74","22.76","8.01","65.55","0.254","23.59","1.36"
"30004","375","2015","5","1","121",NULL,"13.89","6.64","21.7","5.75","61.61","0.254","25.93","1.34"
"30004","375","2015","5","2","122",NULL,"15.18","6.04","24.79","7.13","65.84","0","25.82","0.8"
"30004","375","2015","5","3","123",NULL,"17.14","8.02","26.45","9.2","65.59","0","21.34","0.76"
"30004","375","2015","5","4","124",NULL,"18.01","9.99","27.12","11.21","69.51","0","15.37","0.65"
"30004","375","2015","5","5","125",NULL,"19.04","11.05","27.82","12.05","68.75","0","23.88","0.76"
"30004","375","2015","5","6","126",NULL,"18.79","10.52","28.02","12.07","70.7","0","25.4","0.75"
"30004","375","2015","5","7","127",NULL,"20.01","11.18","29.61","13.37","70.7","0","23.61","0.73"
"30004","375","2015","5","8","128",NULL,"21.67","13.75","30.46","15.68","73.3","0","24.61","0.8"
"30004","375","2015","5","9","129",NULL,"22.92","17.57","30.33","16.84","71.7","0","22.22","0.76"
"30004","375","2015","5","10","130",NULL,"23.37","16.59","31.06","17.43","73.1","0","23.86","0.83"
"30004","375","2015","5","11","131",NULL,"24.07","16.92","32.38","17.43","70.9","0","20.5","0.85"
"30004","375","2015","5","12","132",NULL,"22.49","16.98","29.08","17.07","73.1","0","17.53","1.2"
"30004","375","2015","5","13","133",NULL,"20.99","13.16","30.66","10.13","54.03","0","27.99","1.04"
"30004","375","2015","5","14","134",NULL,"20.69","12.37","27.96","13.58","65.52","0","22.31","0.94"
"30004","375","2015","5","15","135",NULL,"21.28","16.39","26.78","16.5","75.7","1.524","16.32","0.85"
"30004","375","2015","5","16","136",NULL,"22.09","16.59","29.14","16.28","72.6","2.032","19.66","0.81"
"30004","375","2015","5","17","137",NULL,"21.04","17.9","27.51","18.81","87.3","15.75","10.47","0.64"
"30004","375","2015","5","18","138",NULL,"21.01","17.84","26.26","20.44","96.4","9.4","12.46","0.55"
"30004","375","2015","5","19","139",NULL,"21.87","17.25","29.01","19.4","87.8","2.794","21.38","0.89"
"30004","375","2015","5","20","140",NULL,"23.46","16.85","30.33","17.69","74.2","0","25.17","0.84"
"30004","375","2015","5","21","141",NULL,"19.81","12.24","25.2","14.7","72.1","0","22.6","1.99"
"30004","375","2015","5","22","142",NULL,"16.94","8.68","26.04","10.08","67.49","0","27.45","0.98"
"30004","375","2015","5","23","143",NULL,"18.92","10.39","27.69","10.91","65.87","0","27.25","0.83"
"30004","375","2015","5","24","144",NULL,"21.09","13.48","28.42","14.46","67.52","0","21.67","0.92"
"30004","375","2015","5","25","145",NULL,"21","16.39","26.52","18.36","85.4","29.21","12.62","0.82"
"30004","375","2015","5","26","146",NULL,"20.38","17.11","27.32","19.76","96.3","32.77","8.85","0.75"
"30004","375","2015","5","27","147",NULL,"21.51","17.31","28.42","18.98","86.9","0","18.17","0.67"
"30004","375","2015","5","28","148",NULL,"20.93","17.78","27.44","19.21","91","17.02","14.25","0.63"
"30004","375","2015","5","29","149",NULL,"21.98","17.05","28.88","18.34","82.1","0.254","22.09","0.69"
"30004","375","2015","5","30","150",NULL,"22.31","15.92","29.48","17.78","78.1","0","22.63","0.73"
"30004","375","2015","5","31","151",NULL,"20.97","18.57","27.91","19.67","92.6","2.794","9.54","0.66"
"30004","375","2015","6","1","152",NULL,"21.77","18.1","27.37","19.27","86.7","1.524","15.78","0.62"
"30004","375","2015","6","2","153",NULL,"21.66","17.05","28.28","17.75","81","10.16","24.45","0.81"
"30004","375","2015","6","3","154",NULL,"20.02","15.86","26.64","18.07","89.6","2.032","17.16","0.7"
"30004","375","2015","6","4","155",NULL,"19.84","15.4","26.45","17.02","85.1","1.016","15.17","0.63"
"30004","375","2015","6","5","156",NULL,"21.88","15.07","29.34","17.46","79","1.27","23.24","0.79"
"30004","375","2015","6","6","157",NULL,"24.03","16.72","31.58","17.31","70.6","0","25.47","0.73"
"30004","375","2015","6","7","158",NULL,"24.54","18.49","31.32","19.45","75.9","2.286","20.02","0.6"
"30004","375","2015","6","8","159",NULL,"25.18","19.48","31.12","19.63","73.7","1.524","21.64","0.95"
"30004","375","2015","6","9","160",NULL,"23.52","18.88","29.94","20.41","83.8","3.048","17.71","0.86"
"30004","375","2015","6","10","161",NULL,"23.73","18.04","30.66","19.77","80.5","0","21.07","0.63"
"30004","375","2015","6","11","162",NULL,"23.28","19.29","30","20.78","86.9","0","14.57","0.6"
"30004","375","2015","6","12","163",NULL,"24.18","20.6","30.46","20.13","79.5","0","18.08","0.95"
"30004","375","2015","6","13","164",NULL,"25.14","19.15","32.84","19.8","74.8","0","21.96","0.79"
"30004","375","2015","6","14","165",NULL,"25.66","19.29","33.57","19.66","73","0","21.8","0.75"
"30004","375","2015","6","15","166",NULL,"26.5","19.75","34.61","20.1","72.3","0","23.94","0.77"
"30004","375","2015","6","16","167",NULL,"27.39","20.47","34.74","20.28","69.71","0","24.93","0.92"
"30004","375","2015","6","17","168",NULL,"27.79","21.32","35.08","21.36","71.6","0","22.33","0.74"
"30004","375","2015","6","18","169",NULL,"25.66","21.39","33.24","22.39","84","1.778","15.33","0.68"
"30004","375","2015","6","19","170",NULL,"26.59","20.21","33.57","20.67","73.4","0","22.69","0.92"
"30004","375","2015","6","20","171",NULL,"26.59","23.04","31.4","21.4","74.1","0.762","17.65","1.17"
"30004","375","2015","6","21","172",NULL,"27.16","21.26","33.82","21.67","74.5","0","21.72","1.06"
"30004","375","2015","6","22","173",NULL,"27.39","21.13","34.55","20.55","70","0","25.13","1.01"
"30004","375","2015","6","23","174",NULL,"27.57","20.99","34.42","20.79","70.1","0","22.23","1"
"30004","375","2015","6","24","175",NULL,"24.9","20.47","35.21","21.94","86","6.604","14.49","0.73"
"30004","375","2015","6","25","176",NULL,"25.83","19.29","34.08","21.88","81.2","0.254","21.89","0.8"
"30004","375","2015","6","26","177",NULL,"26.16","21.19","33.9","21.83","79.7","25.91","18.14","0.87"
"30004","375","2015","6","27","178",NULL,"23.71","20.66","29.09","21.91","90.3","12.45","14.48","0.95"
"30004","375","2015","6","28","179",NULL,"21.63","15.79","28.02","14.7","68.57","0","26.82","1.11"
"30004","375","2015","6","29","180",NULL,"22.46","14.08","29.87","15.94","70.5","0","22.5","0.87"
"30004","375","2015","6","30","181",NULL,"25.29","20.53","29.74","19.25","70.3","0","18.34","1.18"
"30004","375","2015","7","1","182",NULL,"22.42","18.63","28.63","19.65","85.4","3.556","12.35","0.97"
"30004","375","2015","7","2","183",NULL,"22.39","18.96","29.68","20.85","91.9","15.75","14.64","0.86"
"30004","375","2015","7","3","184",NULL,"22.71","19.47","26.33","20.44","87.6","20.83","11.85","1.03"
"30004","375","2015","7","4","185",NULL,"22.67","19.09","29.54","20.48","89","10.92","17.04","0.81"
"30004","375","2015","7","5","186",NULL,"22.99","19.22","29.01","19.62","83.2","0","18.57","0.98"
"30004","375","2015","7","6","187",NULL,"24.35","19.75","30.46","20.65","82.1","0","19.88","0.84"
"30004","375","2015","7","7","188",NULL,"25.41","19.55","32.58","20.98","79","0","20.09","0.79"
"30004","375","2015","7","8","189",NULL,"26.4","20.73","33.04","21.64","77.9","0","20.83","0.87"
"30004","375","2015","7","9","190",NULL,"26.61","20.54","33.49","21.45","76.7","0","24.31","0.95"
"30004","375","2015","7","10","191",NULL,"27.2","20.73","34.02","21.18","73","0","24.07","0.9"
"30004","375","2015","7","11","192",NULL,"25.82","20.86","33.5","21.06","77.5","0","20.35","0.97"
"30004","375","2015","7","12","193",NULL,"25.5","19.22","32.97","21.48","80.6","2.032","18.99","0.86"
"30004","375","2015","7","13","194",NULL,"26.47","20.34","33.75","22.2","80.2","0.254","22.69","0.86"
"30004","375","2015","7","14","195",NULL,"26.22","20","33.37","21.92","79.9","33.53","17.28","1.05"
"30004","375","2015","7","15","196",NULL,"24.7","19.88","31.39","21.04","82.3","0","22.8","1.12"
"30004","375","2015","7","16","197",NULL,"25.2","19.42","32.57","20.49","78.2","0","22.6","0.6"
"30004","375","2015","7","17","198",NULL,"26.08","19.75","34.22","21.14","77.3","0","22.93","0.68"
"30004","375","2015","7","18","199",NULL,"27.37","21.19","34.81","21.86","75","0","21.92","0.73"
"30004","375","2015","7","19","200",NULL,"26.38","21.06","33.7","22.23","79.9","0","18.28","0.82"
"30004","375","2015","7","20","201",NULL,"27.22","22.38","34.55","22.29","76.8","0","20.7","0.97"
"30004","375","2015","7","21","202",NULL,"25.64","21.23","33.96","22.12","83.4","7.11","18.77","1.05"
"30004","375","2015","7","22","203",NULL,"25.48","20.66","32.18","21.97","83.1","0.254","20.38","0.83"
"30004","375","2015","7","23","204",NULL,"25.19","20.86","30.46","22.2","84.6","0","14.44","0.97"
"30004","375","2015","7","24","205",NULL,"26.58","22.51","32.11","21.74","76.8","0","21.6","1.12"
"30004","375","2015","7","25","206",NULL,"26.35","21.79","32.25","21.84","78.4","0","18.33","0.7"
"30004","375","2015","7","26","207",NULL,"26.57","21.52","33.44","21.17","74.8","0","17.02","0.66"
"30004","375","2015","7","27","208",NULL,"26.96","21.39","34.49","22.09","77.6","0","18.48","0.72"
"30004","375","2015","7","28","209",NULL,"27.66","21.92","35.14","22.24","75.9","0","21.31","0.87"
"30004","375","2015","7","29","210",NULL,"27.63","22.58","34.29","23.01","78","0","19.03","0.76"
"30004","375","2015","7","30","211",NULL,"27.95","22.58","35.01","22.72","76","0","18.84","0.89"
"30004","375","2015","7","31","212",NULL,"26.85","20.6","33.43","20.67","70.8","0","18.27","0.89"
"30004","375","2015","8","1","213",NULL,"25.67","19.94","32.45","17.85","64.24","0","16.95","0.8"
"30004","375","2015","8","2","214",NULL,"25.14","17.25","33.76","17.59","67.6","0","20.48","0.72"
"30004","375","2015","8","3","215",NULL,"26.27","19.16","34.36","19.35","69.93","0","20.71","0.78"
"30004","375","2015","8","4","216",NULL,"26.72","18.37","36.32","17.91","64.44","0","23.01","0.79"
"30004","375","2015","8","5","217",NULL,"26.74","20.08","36.18","19.81","71.5","2.032","20.21","0.79"
"30004","375","2015","8","6","218",NULL,"23.83","21.39","29.75","22.34","91.9","13.21","10.74","0.83"
"30004","375","2015","8","7","219",NULL,"24.58","20.8","30.07","21.16","83","0.254","17.36","1.08"
"30004","375","2015","8","8","220",NULL,"25.06","18.9","33.49","20.47","78.6","0","19.17","0.63"
"30004","375","2015","8","9","221",NULL,"26.42","20.01","33.63","21.06","75.6","0","18.69","0.67"
"30004","375","2015","8","10","222",NULL,"24.75","20.71","34.1","22.1","87.4","30.23","13.6","0.76"
"30004","375","2015","8","11","223",NULL,"24.61","21.26","31.45","22.51","89.4","2.794","19.34","0.81"
"30004","375","2015","8","12","224",NULL,"24.22","18.63","31.32","18.47","73.8","0","20.44","0.89"
"30004","375","2015","8","13","225",NULL,"23.83","17.64","31.72","18.85","76","0","21.41","0.72"
"30004","375","2015","8","14","226",NULL,"25.41","20.66","32.05","18.94","70.1","0","21.84","0.7"
"30004","375","2015","8","15","227",NULL,"24.64","18.96","31.65","18.32","71.3","0","19.59","0.65"
"30004","375","2015","8","16","228",NULL,"24.99","19.75","31.19","19.32","72.9","0","15.83","0.65"
"30004","375","2015","8","17","229",NULL,"23.45","20.31","29.47","21.94","91.5","37.59","11.98","0.61"
"30004","375","2015","8","18","230",NULL,"22.71","20.66","27.98","22.15","96.8","37.34","9.29","0.63"
"30004","375","2015","8","19","231",NULL,"23.82","20.86","29.54","22.56","93.2","11.18","11.84","0.69"
"30004","375","2015","8","20","232",NULL,"24.59","21.72","29.74","21.81","86","0","17.61","0.92"
"30004","375","2015","8","21","233",NULL,"24.78","21.39","30.07","21.74","84.7","0","15.7","0.74"
"30004","375","2015","8","22","234",NULL,"24.69","20.27","31.92","22.02","86.5","26.92","15.98","0.65"
"30004","375","2015","8","23","235",NULL,"22.57","19.48","28.43","20.91","91.3","12.95","12.52","0.69"
"30004","375","2015","8","24","236",NULL,"24.77","19.82","31.26","20.73","80.5","0","20.01","0.94"
"30004","375","2015","8","25","237",NULL,"20.96","14.41","28.15","15.59","74.2","0","23.43","1.03"
"30004","375","2015","8","26","238",NULL,"20.98","13.09","30.2","15.89","75.8","0","21.58","0.74"
"30004","375","2015","8","27","239",NULL,"22.4","16.98","29.08","18.38","79.6","0","19.46","0.72"
"30004","375","2015","8","28","240",NULL,"22.63","18.3","28.42","19.52","84","0","15.09","0.71"
"30004","375","2015","8","29","241",NULL,"22.93","19.49","28.55","19.38","81.7","0","12.99","0.6"
"30004","375","2015","8","30","242",NULL,"20.47","17.77","22.84","18.47","88.4","9.14","8.17","0.62"
"30004","375","2015","8","31","243",NULL,"22.3","18.96","28.88","19.28","84","0","14.09","0.71"
"30004","375","2015","9","1","244",NULL,"23.65","17.71","31.78","19.74","81.6","0","18.6","0.54"
"30004","375","2015","9","2","245",NULL,"24.58","19.03","31.92","20.83","82.2","0","16.56","0.61"
"30004","375","2015","9","3","246",NULL,"24.1","20.47","31.52","21.99","89.1","2.032","12.71","0.6"
"30004","375","2015","9","4","247",NULL,"24.88","19.29","33.23","20.62","80.2","0","19.07","0.56"
"30004","375","2015","9","5","248",NULL,"24.77","20.21","30.73","19.9","75.6","0","18.75","0.45"
"30004","375","2015","9","6","249",NULL,"23.29","18.89","29.61","19.47","81.1","0","17.06","0.46"
"30004","375","2015","9","7","250",NULL,"22.32","18.3","28.16","20.08","88.1","1.27","12.08","0.46"
"30004","375","2015","9","8","251",NULL,"22.89","19.35","29.02","21.08","90.4","0.254","12.09","0.46"
"30004","375","2015","9","9","252",NULL,"23","19.2","29.54","21.78","93.3","36.07","13.03","0.62"
"30004","375","2015","9","10","253",NULL,"22.57","20.01","28.16","21.21","92.7","10.67","11.67","0.74"
"30004","375","2015","9","11","254",NULL,"23.14","19.48","29.08","19.6","82.7","0.254","19.45","0.85"
"30004","375","2015","9","12","255",NULL,"19.58","13.88","25.2","15.83","80","0","14.23","1.26"
"30004","375","2015","9","13","256",NULL,"15.31","9.87","22.3","10.15","74.9","0","21.52","1.17"
"30004","375","2015","9","14","257",NULL,"15.78","7.83","24.98","10.77","76.4","0","21.06","0.69"
"30004","375","2015","9","15","258",NULL,"17.74","10.45","26.3","12.72","76.6","0","20.07","0.67"
"30004","375","2015","9","16","259",NULL,"18.86","12.5","25.39","14.69","78.9","0","14.52","0.65"
"30004","375","2015","9","17","260",NULL,"19.8","13.62","28.48","15.14","77.9","0","18.39","0.64"
"30004","375","2015","9","18","261",NULL,"19.59","13.1","28.55","16","82.8","0","19","0.64"
"30004","375","2015","9","19","262",NULL,"20.65","13.75","30.27","16.51","81","0","16.87","0.68"
"30004","375","2015","9","20","263",NULL,"22.02","14.74","30.99","18.38","82.3","0","15.26","0.69"
"30004","375","2015","9","21","264",NULL,"20.38","17.25","24.94","18.05","87.1","0","8.87","0.8"
"30004","375","2015","9","22","265",NULL,"20.07","17.18","24.75","18.66","92.1","0","7.34","0.59"
"30004","375","2015","9","23","266",NULL,"20.41","16.26","26.78","16.9","81.7","0","15.21","0.7"
"30004","375","2015","9","24","267",NULL,"18.31","14.47","22.05","14.16","77.8","49.28","7.76","0.75"
"30004","375","2015","9","25","268",NULL,"17.1","15.46","18.69","17.1","99.8","29.72","3.93","0.53"
"30004","375","2015","9","26","269",NULL,"18.1","17.05","19.15","18.1","100","9.4","3.41","0.51"
"30004","375","2015","9","27","270",NULL,"18.97","16.92","21.79","18.14","94.9","0.508","5.95","0.76"
"30004","375","2015","9","28","271",NULL,"20.68","18.36","22.97","20.53","98.8","1.524","4.62","0.67"
"30004","375","2015","9","29","272",NULL,"21.59","20.53","24.48","21.38","98.7","17.78","6.1","0.47"
"30004","375","2015","9","30","273",NULL,"22.36","18.5","28.09","19.67","86.2","0","15.38","0.94"
"30004","375","2015","10","1","274",NULL,"18.78","17.38","20.34","17.96","95.1","5.334","3.56","0.71"
"30004","375","2015","10","2","275",NULL,"15.66","14.41","17.71","15.32","97.7","7.87","5.56","0.71"
"30004","375","2015","10","3","276",NULL,"15.26","13.88","17.05","15.26","99.8","33.53","5.18","0.59"
"30004","375","2015","10","4","277",NULL,"18.63","16.19","20.4","17.08","90.8","1.016","3.63","1.01"
"30004","375","2015","10","5","278",NULL,"19.7","16.12","24.61","16.78","83.8","0","8.16","0.88"
"30004","375","2015","10","6","279",NULL,"17.54","13.95","23.75","14.97","86","0","11.44","0.71"
"30004","375","2015","10","7","280",NULL,"18.72","13.75","27.18","14.76","81.5","5.334","14.82","0.63"
"30004","375","2015","10","8","281",NULL,"18.53","13.17","26.65","15.7","85.7","10.92","12.91","0.55"
"30004","375","2015","10","9","282",NULL,"18.65","14.35","24.49","16.87","90.3","3.81","8.51","0.67"
"30004","375","2015","10","10","283",NULL,"17.4","15.07","21.19","17.2","98.6","32.26","6.37","0.71"
"30004","375","2015","10","11","284",NULL,"16.11","12.43","23.09","14.32","90.3","0","8.59","0.58"
"30004","375","2015","10","12","285",NULL,"16.33","11.05","24.15","13.39","85.1","0","10.78","0.69"
"30004","375","2015","10","13","286",NULL,"17.31","10.26","25.01","13.66","81.7","5.08","11.57","0.88"
"30004","375","2015","10","14","287",NULL,"14.39","7.69","23.17","9.59","77.9","0","12.22","0.89"
"30004","375","2015","10","15","288",NULL,"15.24","8.15","26.13","10.4","78.5","0","11.5","0.62"
"30004","375","2015","10","16","289",NULL,"14.91","8.81","23.22","9.29","72.2","0","10.72","1.04"
"30004","375","2015","10","17","290",NULL,"10.64","2.68","19.41","2.75","64.14","0","11.15","1.01"
"30004","375","2015","10","18","291",NULL,"8.67","1.69","17.63","2.99","72.3","0","10.89","0.81"
"30004","375","2015","10","19","292",NULL,"9.18","4.13","16.92","3.18","69.98","0","10.44","0.88"
"30004","375","2015","10","20","293",NULL,"9.63","2.08","20.67","5.49","79.8","0","10.03","0.66"
"30004","375","2015","10","21","294",NULL,"11.84","3.93","23.7","8.44","83.1","0","9.32","0.63"
"30004","375","2015","10","22","295",NULL,"14.56","6.97","25.48","11.84","85.6","0","9.2","0.59"
"30004","375","2015","10","23","296",NULL,"16","9.21","26.4","13.13","85.5","0","8.4","0.61"
"30004","375","2015","10","24","297",NULL,"16.47","10.98","22.64","14.17","87.1","0","7.38","0.56"
"30004","375","2015","10","25","298",NULL,"17.64","14.41","21.66","16.57","93.6","0","5.49","0.57"
"30004","375","2015","10","26","299",NULL,"14.16","9.4","18.17","14.16","98.9","15.49","1.5","1.2"
"30004","375","2015","10","27","300",NULL,"10.4","8.81","11.91","10.27","98.8","6.604","2.8","1.47"
"30004","375","2015","10","28","301",NULL,"15.93","11.58","23.18","15.17","95","6.858","4.49","0.69"
"30004","375","2015","10","29","302",NULL,"14","8.94","19.67","12.93","93.4","0","4.46","0.69"
"30004","375","2015","10","30","303",NULL,"11.07","5.58","19.1","7.28","81.5","0","6.89","0.69"
"30004","375","2015","10","31","304",NULL,"11.84","6.5","14.93","9.41","85.4","0.508","4.3","0.93"
"30004","375","2015","11","1","305",NULL,"15.24","11.78","16.98","15.24","99.9","45.47","2.49","0.57"
"30004","375","2015","11","2","306",NULL,"17.19","16.12","18.37","17.19","100","62.74","1.88","0.62"
"30004","375","2015","11","3","307",NULL,"17.11","16.39","17.96","16.84","98.2","0","3.21","0.85"
"30004","375","2015","11","4","308",NULL,"17.23","16.12","19.01","16.92","98","0.254","3.38","0.95"
"30004","375","2015","11","5","309",NULL,"16.63","15.73","17.51","16.63","100","3.302","2.06","0.58"
"30004","375","2015","11","6","310",NULL,"19.7","16.98","23.18","19.65","99.1","21.08","3.67","0.48"
"30004","375","2015","11","7","311",NULL,"17.57","11.77","20.08","17.53","99","23.11","3.17","0.62"
"30004","375","2015","11","8","312",NULL,"9.52","7.23","12.37","8.52","93.2","15.24","2.68","1.3"
"30004","375","2015","11","9","313",NULL,"8.88","6.17","11.25","8.88","100","21.34","2.32","0.96"
"30004","375","2015","11","10","314",NULL,"12.36","7.29","17.97","10.26","88.5","4.318","4.27","1.04"
"30004","375","2015","11","11","315",NULL,"11.98","4.39","22.33","7.81","80.6","0","2.98","0.59"
"30004","375","2015","11","12","316",NULL,"14.59","8.94","20.41","11.15","80.4","0.254","3.67","1.12"
"30004","375","2015","11","13","317",NULL,"10.18","4.33","15.46","0.07","51.79","0","3.38","1.38"
"30004","375","2015","11","14","318",NULL,"6.38","-1.61","15.67","-3.41","56.64","0","2.56","0.87"
"30004","375","2015","11","15","319",NULL,"6.3","-0.62","14.22","0.58","72","0","4.85","0.58"
"30004","375","2015","11","16","320",NULL,"9.13","1.36","17.58","6.42","83.2","0","4.02","0.63"
"30004","375","2015","11","17","321",NULL,"14.73","9.47","19.54","10.61","76.7","0","5.14","1.38"
"30004","375","2015","11","18","322",NULL,"14.61","10.32","19.49","14.61","99.3","61.47","1.29","1.06"
"30004","375","2015","11","19","323",NULL,"14.35","6.64","19.82","10.55","79.6","0.508","1.9","0.95"
"30004","375","2015","11","20","324",NULL,"9.79","3.6","18.7","4.72","76.5","0","2.01","0.67"
"30004","375","2015","11","21","325",NULL,"9.87","6.17","12.63","4.59","69.14","0","3.14","0.96"
"30004","375","2015","11","22","326",NULL,"4.9","0.03","10.33","-1.34","63.35","0","1.64","1.86"
"30004","375","2015","11","23","327",NULL,"2.67","-3.13","10.53","-5.11","61.1","0","1.5","0.94"
"30004","375","2015","11","24","328",NULL,"4.4","-2.93","13.83","-1.41","71.3","0","3.09","0.65"
"30004","375","2015","11","25","329",NULL,"7.91","0.68","14.27","2.6","70.47","0","5.83","1.47"
"30004","375","2015","11","26","330",NULL,"12.7","6.58","19.77","7.88","71.2","0","6.8","1.61"
"30004","375","2015","11","27","331",NULL,"14.25","9.39","21.91","12.06","87.8","0","6.82","0.94"
"30004","375","2015","11","28","332",NULL,"13.47","7.27","21.87","12.04","91.4","0","6.29","0.57"
"30004","375","2015","11","29","333",NULL,"15.97","10.08","23.18","12.68","82.75","0","4.97","0.62"
"30004","375","2015","11","30","334",NULL,"16.16","14.02","19.41","14.25","88.6","0","3.51","0.7"
"30004","375","2015","12","1","335",NULL,"13.21","12.23","14.68","13.09","99","8.89","1.55","0.59"
"30004","375","2015","12","2","336",NULL,"11.64","6.37","15.54","10.55","90.5","11.43","3.21","1.03"
"30004","375","2015","12","3","337",NULL,"5.08","0.43","9.13","1.09","76.4","0","4.88","1.12"
"30004","375","2015","12","4","338",NULL,"3.64","-1.81","11.92","-1.41","75.2","0","1.27","0.8"
"30004","375","2015","12","5","339",NULL,"4.71","-1.94","13.63","-1.36","70.8","0","1.28","0.87"
"30004","375","2015","12","6","340",NULL,"9.31","2.55","16.32","3.12","65.63","0","3.4","0.79"
"30004","375","2015","12","7","341",NULL,"8.65","2.88","16.85","5.17","81.7","0","1.52","0.91"
"30004","375","2015","12","8","342",NULL,"6.62","-0.03","15.94","3.1","81.6","0","1.35","0.64"
"30004","375","2015","12","9","343",NULL,"8.26","-0.03","16.92","6.15","85.9","0","3.14","0.67"
"30004","375","2015","12","10","344",NULL,"12.37","8.02","18.3","10.78","90.4","0","2.92","0.71"
"30004","375","2015","12","11","345",NULL,"14.91","8.41","21.72","13.61","91.9","0","4.13","0.69"
"30004","375","2015","12","12","346",NULL,"14.03","8.61","21.59","12.2","89.7","0","3.39","0.57"
"30004","375","2015","12","13","347",NULL,"15.28","9.59","21.13","13.45","89","0","3.53","0.85"
"30004","375","2015","12","14","348",NULL,"15.53","9.99","18.9","14.62","93.2","9.91","2.24","0.91"
"30004","375","2015","12","15","349",NULL,"11.7","6.24","20.68","8.18","82.2","0","1.19","0.77"
"30004","375","2015","12","16","350",NULL,"12.09","3.53","21.15","7.96","78.7","2.54","1.49","0.7"
"30004","375","2015","12","17","351",NULL,"12.79","8.21","15.92","12.63","98.5","44.96","2.02","0.73"
"30004","375","2015","12","18","352",NULL,"3.58","-1.09","8.48","-0.73","72.6","0","1.46","2.14"
"30004","375","2015","12","19","353",NULL,"1.86","-3.4","9.02","-4.5","66.52","0","1.25","1.05"
"30004","375","2015","12","20","354",NULL,"4.57","-2.67","11.45","-2.81","64.1","0","3.22","0.8"
"30004","375","2015","12","21","355",NULL,"9.43","5.51","12.89","5.09","72.5","11.18","3.25","0.98"
"30004","375","2015","12","22","356",NULL,"12.6","9.13","15.13","12.6","99.9","4.064","2.48","0.55"
"30004","375","2015","12","23","357",NULL,"15.84","14.15","17.25","15.84","100","64.01","1.38","0.61"
"30004","375","2015","12","24","358",NULL,"19.1","16.92","20.48","19.05","99.6","24.64","1.34","0.59"
"30004","375","2015","12","25","359",NULL,"18.28","15.92","23.18","17.72","96.5","32.51","3.25","0.72"
"30004","375","2015","12","26","360",NULL,"18.21","13.42","23.84","17.16","93.6","1.27","2.88","0.56"
"30004","375","2015","12","27","361",NULL,"19.26","16.39","23.51","18.37","94.8","0","3.57","0.63"
"30004","375","2015","12","28","362",NULL,"19.25","17.97","21.13","18.73","96.9","32.77","2.58","1"
"30004","375","2015","12","29","363",NULL,"15.62","11.31","19.76","13.74","88.8","0.254","2.41","0.76"
"30004","375","2016","1","1","1",NULL,"5.02","1.95","8.74","1.63","79","0","3.8","1.54"
"30004","375","2016","1","2","2",NULL,"3.17","-0.1","8.55","-2.35","68.37","0","3.3","1.06"
"30004","375","2016","1","3","3",NULL,"4.16","-1.08","11.18","-2.51","65.56","0","3.51","1.11"
"30004","375","2016","1","4","4",NULL,"1.58","-3","5.45","-4.89","63.06","0","1.28","1.55"
"30004","375","2016","1","5","5",NULL,"0.57","-4.32","6.44","-10.38","46.73","0","12.33","1.24"
"30004","375","2016","1","6","6",NULL,"1.9","-3.82","7.58","-10.42","40.2","0","10.94","1.53"
"30004","375","2016","1","7","7",NULL,"9.43","4.01","15.29","2.35","58.62","0","8.76","1.54"
"30004","375","2016","1","8","8",NULL,"9.37","8.11","11.93","8.17","92.2","7.874","2.51","1.15"
"30004","375","2016","1","9","9",NULL,"9.32","8.29","11.56","8.16","92.5","6.858","2.6","1.59"
"30004","375","2016","1","10","10",NULL,"4.35","-2.1","9.13","1.61","78.49","2.794","4.23","2.1"
"30004","375","2016","1","11","11",NULL,"-1.09","-6.44","6.62","-10.56","52.38","0","11.85","1.11"
"30004","375","2016","1","12","12",NULL,"3.31","-5.02","12.09","-4.99","59.59","0","12.37","1.06"
"30004","375","2016","1","13","13",NULL,"2.74","-1.89","7.78","-7.14","50.53","0","11.76","1.34"
"30004","375","2016","1","14","14",NULL,"3.55","-4.31","14.29","-1.86","71.6","0","1.97","0.68"
"30004","375","2016","1","15","15",NULL,"5.76","-0.03","10.01","5.35","95","55.63","2.05","0.84"
"30004","375","2016","1","16","16",NULL,"8.54","3.8","11.92","5.9","83.7","0.254","2.09","1.23"
"30004","375","2016","1","17","17",NULL,"2.86","-1.74","6.38","-1.34","74.3","0","1.88","1.65"
"30004","375","2016","1","18","18",NULL,"-2.42","-5.37","-0.48","-11.03","51.38","0","1.44","1.95"
"30004","375","2016","1","19","19",NULL,"-3.69","-8.01","1.63","-14.04","45.55","0","1.46","1.5"
"30004","375","2016","1","20","20",NULL,"-0.46","-3.29","4.8","-4.83","71.27","4.064","3.55","0.74"
"30004","375","2016","1","21","21",NULL,"4.04","0.53","7.43","3.56","96.2","10.92","2.02","1.09"
"30004","375","2016","1","22","22",NULL,"1.62","-0.89","5.11","1.24","96.44","46.48","1.26","1.83"
"30004","375","2016","1","23","23",NULL,"-2.54","-3.71","-0.52","-6.61","73.64","0","4.12","3.53"
"30004","375","2016","1","24","24",NULL,"-0.4","-6.05","9.4","-6.57","66.41","0","1.44","0.62"
"30004","375","2016","1","25","25",NULL,"3.4","-3.44","12.45","-3.39","67.51","0","3.62","0.22"
"30004","375","2016","1","26","26",NULL,"7.88","3.04","12.79","4.14","76.99","4.064","3.85","0.38"
"30004","375","2016","1","27","27",NULL,"6.11","2.26","8.54","4.62","89.4","3.048","4.07","0.98"
"30004","375","2016","1","28","28",NULL,"4.94","0.57","11.15","0.34","74.97","0","4.63","0.52"
"30004","375","2016","1","29","29",NULL,"4.38","-1.02","11.73","-2.54","65.86","0","2.3","0.93"
"30004","375","2016","1","30","30",NULL,"6.54","-2.11","17.95","0.03","68.09","0","2.27","0.37"
"30004","375","2016","1","31","31",NULL,"9.72","1.72","17.37","7.46","84.8","0","4.28","0.23"
"30004","375","2016","2","1","32",NULL,"14.78","10.68","19.5","12.55","87.1","0","3.91","0.47"
"30004","375","2016","2","2","33",NULL,"15.39","10.1","22.93","13.59","89.7","0","4.4","0.79"
"30004","375","2016","2","3","34",NULL,"14.71","9.66","19.27","13.3","89.6","39.62","2.63","0.71"
"30004","375","2016","2","4","35",NULL,"6.36","1.65","10.34","-1.12","58.79","0","4.2","2.02"
"30004","375","2016","2","5","36",NULL,"2.54","-2.59","8.98","-9.84","42.75","0","4.63","1.23"
"30004","375","2016","2","6","37",NULL,"2.67","-2.89","9.59","-7.11","52.56","0","6.45","0.49"
"30004","375","2016","2","7","38",NULL,"3.44","-3.67","12.24","-5.53","58.55","0","5.35","0.69"
"30004","375","2016","2","8","39",NULL,"4.5","-0.34","11.15","-4.59","53.92","0","5.98","1.37"
"30004","375","2016","2","9","40",NULL,"-0.74","-3.78","1.41","-6.26","66.09","0.762","3.86","1.97"
"30004","375","2016","2","10","41",NULL,"-2.65","-6.19","0.83","-12.22","48.86","0","6.6","2.13"
"30004","375","2016","2","11","42",NULL,"2.77","-3.91","10.92","-7.47","48.44","0","6.18","0.63"
"30004","375","2016","2","12","43",NULL,"5.94","-0.65","14.11","-2.89","56.22","0","6.94","1.14"
"30004","375","2016","2","13","44",NULL,"0.24","-2.65","3.79","-12.06","39.76","0","6.5","1.88"
"30004","375","2016","2","14","45",NULL,"0.89","-3.44","6.47","-13.02","34.95","0","6.97","1.12"
"30004","375","2016","2","15","46",NULL,"0.21","-1.2","3.08","-5.18","65.73","22.86","3.42","1.39"
"30004","375","2016","2","16","47",NULL,"7.13","1.75","14.48","3.79","82.3","4.318","7.16","0.66"
"30004","375","2016","2","17","48",NULL,"6.23","1.48","10.37","1.61","72.68","0","8.09","1.51"
"30004","375","2016","2","18","49",NULL,"5.36","-2.45","15.54","-0.9","69.23","0","7.81","0.39"
"30004","375","2016","2","19","50",NULL,"8.97","2.43","17.71","0","57.08","0","8.31","0.67"
"30004","375","2016","2","20","51",NULL,"11.76","4.84","16.96","8.8","80.2","0","4.88","0.28"
"30004","375","2016","2","21","52",NULL,"13.88","9.93","18.52","12.9","93.6","3.81","3.72","0.38"
"30004","375","2016","2","22","53",NULL,"14.47","12.99","16.31","14.2","98.1","12.95","3.01","0.04"
"30004","375","2016","2","23","54",NULL,"10.37","8.57","13.46","10.27","98.8","32","2.11","0.7"
"30004","375","2016","2","24","55",NULL,"10.59","4.33","16.48","8.4","82.5","18.54","3.73","1.51"
"30004","375","2016","2","25","56",NULL,"5.39","2.91","8.57","-2.2","58.53","0","6.65","2.19"
"30004","375","2016","2","26","57",NULL,"4.14","-0.21","9.79","-3.9","57.8","0","12.07","1.71"
"30004","375","2016","2","27","58",NULL,"5.05","-1.84","13.6","-2.97","62.36","0","11.73","0.65"
"30004","375","2016","2","28","59",NULL,"8.84","-1.63","19.84","-1.19","58.4","0","12.33","0.56"
"30004","375","2016","2","29","60",NULL,"13.02","7.18","20.42","5.2","60.84","0","12.77","0.94"
"30004","375","2016","3","1","61",NULL,"13.04","5.52","21.64","8.93","78.33","20.57","9.24","0.87"
"30004","375","2016","3","2","62",NULL,"5.52","1.89","9.76","-0.83","63.34","0","14.27","1.69"
"30004","375","2016","3","3","63",NULL,"3.2","0.47","7.49","-0.55","77.49","14.48","2.74","0.57"
"30004","375","2016","3","4","64",NULL,"6.63","2.16","12.51","2.38","76.61","0","13.3","1.08"
"30004","375","2016","3","5","65",NULL,"7.41","-0.96","16.75","0.52","67.47","0","14.94","0.46"
"30004","375","2016","3","6","66",NULL,"9.59","1.79","19.16","0.09","58","0","16.05","0.45"
"30004","375","2016","3","7","67",NULL,"10.74","2.09","20.14","3.34","64.57","0","14.17","0.44"
"30004","375","2016","3","8","68",NULL,"13.58","5.08","22.59","8.18","72.58","0","12.04","0.4"
"30004","375","2016","3","9","69",NULL,"16.97","9.73","24.02","10.59","68.97","0","14.61","0.73"
"30004","375","2016","3","10","70",NULL,"19.27","14.79","25.14","13","69.1","1.778","13.05","0.91"
"30004","375","2016","3","11","71",NULL,"19.44","14.61","25.34","15.24","79.26","0.254","10.45","0.32"
"30004","375","2016","3","12","72",NULL,"19.82","14","25.1","14.12","72.04","0","10.03","0.44"
"30004","375","2016","3","13","73",NULL,"19.24","13.19","24.35","13.7","71.61","2.286","10.6","0.83"
"30004","375","2016","3","14","74",NULL,"16.68","10.61","24.15","12.5","78.6","0","8.67","0.62"
"30004","375","2016","3","15","75",NULL,"19.05","9.39","29.36","10.01","62.86","0","17.94","0.55"
"30004","375","2016","3","16","76",NULL,"20","10.51","26.53","8.09","49","0","15.72","0.96"
"30004","375","2016","3","17","77",NULL,"15.7","6.92","24.25","1.32","44.99","0.254","18.12","0.73"
"30004","375","2016","3","18","78",NULL,"16.02","6.58","23.88","3.23","47.26","0","16.27","0.42"
"30004","375","2016","3","19","79",NULL,"16.16","10.27","20.39","10.08","66.86","0","6.62","1.12"
"30004","375","2016","3","20","80",NULL,"7.83","3.93","12.31","-0.66","56.11","0","11.79","1.79"
"30004","375","2016","3","21","81",NULL,"6.3","1.49","12.92","-2.75","55.24","0","19.29","1.58"
"30004","375","2016","3","22","82",NULL,"9.63","-0.58","20.01","-0.8","56.4","0","19.86","0.52"
"30004","375","2016","3","23","83",NULL,"13.39","3.96","22.42","5.51","61.97","0","19.32","0.71"
"30004","375","2016","3","24","84",NULL,"15.65","9.08","22.62","11.74","78.89","5.842","9.84","0.52"
"30004","375","2016","3","25","85",NULL,"16.31","9.69","21.09","10.32","69.58","0","16.11","0.78"
"30004","375","2016","3","26","86",NULL,"12.8","7.76","16.08","11.62","91.3","1.27","3.35","0.25"
"30004","375","2016","3","27","87",NULL,"15.84","14.14","17.78","15.52","97.8","1.27","2.21","0.09"
"30004","375","2016","3","28","88",NULL,"15.92","9.86","19.87","9.15","64.65","0","19.69","1.16"
"30004","375","2016","3","29","89",NULL,"12.81","3.25","22.18","2.11","53.62","0","20.41","0.52"
"30004","375","2016","3","30","90",NULL,"15.1","7.22","21.81","5.25","55.1","0","17.31","0.88"
"30004","375","2016","3","31","91",NULL,"18.19","16.18","20.39","15.77","85.6","4.318","3.66","0.71"
"30004","375","2016","4","1","92",NULL,"18.39","13.56","21.74","17.03","92.1","35.56","5.31","0.26"
"30004","375","2016","4","2","93",NULL,"13.46","9.63","17.09","3.79","53.41","0.508","20.99","1.68"
"30004","375","2016","4","3","94",NULL,"12.39","6.85","20.42","-2.62","36.71","0","21.38","1.23"
"30004","375","2016","4","4","95",NULL,"14.32","3.52","24.25","3.43","55.82","0","21.14","0.81"
"30004","375","2016","4","5","96",NULL,"13.75","7.12","20.11","-0.92","37.81","0","21.86","1.3"
"30004","375","2016","4","6","97",NULL,"12.37","6.58","17.88","4.47","56.71","9.4","12.86","1.24"
"30004","375","2016","4","7","98",NULL,"14.16","7.59","20.38","6.87","66.11","0.762","18.33","1.14"
"30004","375","2016","4","8","99",NULL,"11.9","7.86","15.98","1.07","48.65","0","17.15","1.54"
"30004","375","2016","4","9","100",NULL,"9.01","2.67","14.58","-5.4","39.1","0","22.34","1.5"
"30004","375","2016","4","10","101",NULL,"7.81","0.36","14.72","-1.66","54.54","0","8.85","0.68"
"30004","375","2016","4","11","102",NULL,"13.9","7.05","20.59","10.33","77.88","9.14","12.4","0.5"
"30004","375","2016","4","12","103",NULL,"16.29","9.9","21.44","12.47","78.87","0.508","14.9","0.85"
"30004","375","2016","4","13","104",NULL,"14.98","9.05","18.99","8.24","64.56","0","11.16","0.81"
"30004","375","2016","4","14","105",NULL,"15.59","11.53","20.79","8.44","64.4","0.762","14.58","0.69"
"30004","375","2016","4","15","106",NULL,"14.71","10.78","18.45","3.54","47.96","0","14.32","1.16"
"30004","375","2016","4","16","107",NULL,"15.99","9.25","21.98","3.62","44.57","0","22.12","0.97"
"30004","375","2016","4","17","108",NULL,"14.77","6.61","23.98","3.16","50.88","0","22.52","0.51"
"30004","375","2016","4","18","109",NULL,"16.6","5.83","27.83","5.65","57.45","0.254","22.44","0.38"
"30004","375","2016","4","19","110",NULL,"18.53","8.47","29.02","8.1","58.28","0.254","18.54","0.42"
"30004","375","2016","4","20","111",NULL,"19.92","13.16","27.52","10.38","58.25","0","15.3","0.45"
"30004","375","2016","4","21","112",NULL,"17.82","11.02","25.89","13.03","75.5","3.302","16.58","0.46"
"30004","375","2016","4","22","113",NULL,"17.4","13.53","22.42","15.26","88.3","8.64","11.11","0.24"
"30004","375","2016","4","23","114",NULL,"17.05","10.65","24.6","11.24","72.85","0","21.61","0.79"
"30004","375","2016","4","24","115",NULL,"17.98","9.73","26.43","10.42","65.77","0","22.85","0.38"
"30004","375","2016","4","25","116",NULL,"20.01","13.33","27.28","13.81","70.19","0","17.84","0.43"
"30004","375","2016","4","26","117",NULL,"20.99","14.82","28.27","15.17","72.8","0","17.1","0.46"
"30004","375","2016","4","27","118",NULL,"21.56","14.18","28.61","15.26","70.62","0","17.31","0.59"
"30004","375","2016","4","28","119",NULL,"22.43","16.76","28.91","15.22","66.38","0","19.12","0.74"
"30004","375","2016","4","29","120",NULL,"21.52","12.89","30.17","11.72","60.34","0","21.38","0.32"
"30004","375","2016","4","30","121",NULL,"21.34","17.14","29.02","16.83","77.17","8.38","14","0.35"
"30004","375","2016","5","1","122",NULL,"20.49","17.75","26.44","19.4","93.9","9.4","10.71","0.18"
"30004","375","2016","5","2","123",NULL,"22.03","17.51","28.88","17.39","78.11","1.524","18.18","0.5"
"30004","375","2016","5","3","124",NULL,"19.43","14.11","24.09","15.45","78.76","0.254","14.96","0.73"
"30004","375","2016","5","4","125",NULL,"14.96","9.69","20.42","8.45","68.5","1.27","20.05","1"
"30004","375","2016","5","5","126",NULL,"11.06","7.32","17.34","5.92","72.17","2.54","16.32","1.43"
"30004","375","2016","5","6","127",NULL,"13.17","5.42","20.63","4.99","62.43","0","21.63","1.05"
"30004","375","2016","5","7","128",NULL,"17.08","6.54","26.09","8.87","63.18","0","23.27","0.82"
"30004","375","2016","5","8","129",NULL,"20.98","13.09","29.39","11.22","57.84","0","23.33","0.76"
"30004","375","2016","5","9","130",NULL,"20.02","13.67","27.32","12","63.56","0","18.08","0.43"
"30004","375","2016","5","10","131",NULL,"21.12","15.3","27.69","15.25","71.12","0","14.69","0.44"
"30004","375","2016","5","11","132",NULL,"22.71","15.98","30.31","17.2","73.88","0","18.81","0.47"
"30004","375","2016","5","12","133",NULL,"21.08","17.54","28.44","18.39","86.1","4.826","11.53","0.34"
"30004","375","2016","5","13","134",NULL,"19.76","13.16","24.74","13.79","70.74","0.508","22.85","1.04"
"30004","375","2016","5","14","135",NULL,"17.8","9.97","26.37","9.49","62.29","0","23.36","1.26"
"30004","375","2016","5","15","136",NULL,"13.79","7.9","20.46","2.56","48.73","0","22.96","1.14"
"30004","375","2016","5","16","137",NULL,"16.12","7.05","24.33","6.33","55.82","0","22.53","0.44"
"30004","375","2016","5","17","138",NULL,"18.88","14.62","23.34","15.5","80.8","19.56","11.97","0.37"
"30004","375","2016","5","18","139",NULL,"21.78","17.92","27.76","17.48","77.87","0","15.83","0.29"
"30004","375","2016","5","19","140",NULL,"19.53","16.49","24.26","17.29","87","0.254","12.11","0.59"
"30004","375","2016","5","20","141",NULL,"15.9","15.1","16.8","15.26","95.9","3.81","2.64","0.29"
"30004","375","2016","5","21","142",NULL,"18.83","15.03","24.97","15.29","81.5","2.54","16.48","0.71"
"30004","375","2016","5","22","143",NULL,"18.1","12.89","24.77","9.9","62.76","0","24.58","1.1"
"30004","375","2016","5","23","144",NULL,"18.73","9.97","27.15","9.39","60.4","0","22.52","0.63"
"30004","375","2016","5","24","145",NULL,"20.47","12.99","28.61","11.51","60.67","0","24.07","0.53"
"30004","375","2016","5","25","146",NULL,"22.31","13.81","30.72","13.31","61.94","0","22.85","0.39"
"30004","375","2016","5","26","147",NULL,"23.59","17.88","31.46","16.99","68.41","0","17.17","0.28"
"30004","375","2016","5","27","148",NULL,"23.34","19.04","29.26","16.86","68.81","0","16.56","0.39"
"30004","375","2016","5","28","149",NULL,"23.28","17.24","29.09","14.98","62.04","0","25.1","0.42"
"30004","375","2016","5","29","150",NULL,"23.4","17.82","31.13","17.71","73.53","0","19.78","0.61"
"30004","375","2016","5","30","151",NULL,"24.24","17.24","32.22","16.76","67.75","0.254","21.38","0.58"
"30004","375","2016","5","31","152",NULL,"24.63","16.86","32.63","16.95","66.45","0","21.14","0.33"
"30004","375","2016","6","1","153",NULL,"24.43","18.87","32.16","18.54","71.73","0","16.87","0.38"
"30004","375","2016","6","2","154",NULL,"23.27","18.8","31.03","19.91","83.1","4.572","16.87","0.22"
"30004","375","2016","6","3","155",NULL,"25.02","18.6","32.67","19.35","74.31","0","19.53","0.27"
"30004","375","2016","6","4","156",NULL,"25.08","20.4","30.99","20.14","75.58","1.016","13.87","0.4"
"30004","375","2016","6","5","157",NULL,"22.74","20.53","27.29","20.97","90.4","13.72","11.67","0.36"
"30004","375","2016","6","6","158",NULL,"22.54","19.58","26.51","21.04","91.6","2.54","8.59","0.12"
"30004","375","2016","6","7","159",NULL,"24.02","17.58","31.03","16.36","66.7","0","22.48","0.87"
"30004","375","2016","6","8","160",NULL,"20.83","12.62","28.71","11.51","60.11","0","25.85","0.73"
"30004","375","2016","6","9","161",NULL,"21.41","12.75","30.32","12.39","61.67","0","24.98","0.4"
"30004","375","2016","6","10","162",NULL,"24.31","15.37","33.42","15.17","62.47","0","24.15","0.28"
"30004","375","2016","6","11","163",NULL,"26.2","17.68","34.3","17.4","63.14","0","22.43","0.37"
"30004","375","2016","6","12","164",NULL,"27.03","21.96","32.64","20.73","70.03","0","17.95","0.66"
"30004","375","2016","6","13","165",NULL,"27.42","20.6","34.37","20.55","69.94","0","22.27","0.51"
"30004","375","2016","6","14","166",NULL,"25.37","21.79","33.66","21.53","80.8","1.524","12.76","0.28"
"30004","375","2016","6","15","167",NULL,"25.58","21.35","30.56","21.24","77.94","0","15.3","0.59"
"30004","375","2016","6","16","168",NULL,"26.79","20.26","34","19.32","66.28","0","24.21","1.05"
"30004","375","2016","6","17","169",NULL,"25.33","20.94","32.37","21.54","80.3","2.032","13.69","0.73"
"30004","375","2016","6","18","170",NULL,"23.8","20.84","26.85","17.42","67.78","0","14.81","0.74"
"30004","375","2016","6","19","171",NULL,"22.95","17.37","28.93","12.68","54.06","0","22.97","0.5"
"30004","375","2016","6","20","172",NULL,"22.13","13.98","30.66","14.48","65.45","0","19.99","0.32"
"30004","375","2016","6","21","173",NULL,"25.42","17.17","32.47","16.46","60.75","0","21.09","0.64"
"30004","375","2016","6","22","174",NULL,"27.18","21.11","33.73","18.52","60.8","0","21.87","0.7"
"30004","375","2016","6","23","175",NULL,"27.26","19.38","33.56","19.14","63.06","0","22.4","0.77"
"30004","375","2016","6","24","176",NULL,"28.25","23.97","33.96","20.01","62.62","0","21.28","0.76"
"30004","375","2016","6","25","177",NULL,"28.52","21.32","36.31","19.35","61.93","0","23.27","0.63"
"30004","375","2016","6","26","178",NULL,"27.27","22.84","33.39","20.28","66.63","0","18.48","0.52"
"30004","375","2016","6","27","179",NULL,"26.99","21.32","34.44","20.65","71.7","0.762","22.38","0.49"
"30004","375","2016","6","28","180",NULL,"25.25","21.11","31.21","21.03","79.01","0","17.02","0.43"
"30004","375","2016","6","29","181",NULL,"26.52","19.38","34.34","17.96","64.56","0","23.11","0.57"
"30004","375","2016","6","30","182",NULL,"26.55","20.5","33.36","19.91","68.99","0","17.68","0.4"
"30004","375","2016","7","1","183",NULL,"27.2","21.62","34.55","17.31","59.88","0","24.17","0.61"
"30004","375","2016","7","2","184",NULL,"27.33","19.51","35.36","17.03","57.8","0","21.16","0.53"
"30004","375","2016","7","3","185",NULL,"26.72","19.72","35.77","19.7","70.73","4.826","18.67","0.44"
"30004","375","2016","7","4","186",NULL,"28.03","21.96","34.75","21.59","71.37","0","20.25","0.62"
"30004","375","2016","7","5","187",NULL,"25.9","23.22","29.67","22.35","81.1","5.588","12.06","0.85"
"30004","375","2016","7","6","188",NULL,"24.2","21.15","30.66","21.84","87.1","5.334","10.42","0.44"
"30004","375","2016","7","7","189",NULL,"26.97","20.7","33.83","20.63","71.1","0","21.01","0.92"
"30004","375","2016","7","8","190",NULL,"28.45","22.78","34.58","21.39","67.68","0","20.83","0.85"
"30004","375","2016","7","9","191",NULL,"27.54","21.89","32.81","20.52","66.13","0","17.35","0.82"
"30004","375","2016","7","10","192",NULL,"26.69","21.48","32.98","19.82","68.16","0","18.26","0.55"
"30004","375","2016","7","11","193",NULL,"25.06","21.08","32.44","20.31","77.43","11.18","14.67","0.49"
"30004","375","2016","7","12","194",NULL,"26.03","20.53","33.15","20.47","74.72","0","21.83","0.51"
"30004","375","2016","7","13","195",NULL,"26.55","20.94","33.25","19.5","68.03","0","23.22","0.6"
"30004","375","2016","7","14","196",NULL,"27.44","21.11","34.41","19.7","65.95","0","22.57","0.66"
"30004","375","2016","7","15","197",NULL,"26.44","21.04","32.13","19.89","69.29","0","17.86","0.61"
"30004","375","2016","7","16","198",NULL,"24.56","20.98","31.14","21.08","82.4","2.794","13.02","0.31"
"30004","375","2016","7","17","199",NULL,"25.9","20.06","34.07","20.91","76.96","0","20.08","0.36"
"30004","375","2016","7","18","200",NULL,"26.17","21.11","33.18","21.61","78","0","17.21","0.42"
"30004","375","2016","7","19","201",NULL,"27.19","21.96","35.53","21.23","73.96","0","18.92","0.44"
"30004","375","2016","7","20","202",NULL,"27.47","21.45","35.29","20.91","70.29","0","19.62","0.31"
"30004","375","2016","7","21","203",NULL,"25.61","21.93","34.37","21.35","78.94","2.032","15.52","0.31"
"30004","375","2016","7","22","204",NULL,"26.25","20.84","33.39","21.67","78.37","0","19.68","0.34"
"30004","375","2016","7","23","205",NULL,"25.49","22.47","32.91","23.1","87.7","1.524","11.37","0.25"
"30004","375","2016","7","24","206",NULL,"27.24","21.93","34.31","22.07","76.08","0","16.8","0.37"
"30004","375","2016","7","25","207",NULL,"28.1","21.76","36.41","21.21","70.2","0","19.68","0.54"
"30004","375","2016","7","26","208",NULL,"28.1","21.62","35.36","20.51","67.27","0","22.31","0.5"
"30004","375","2016","7","27","209",NULL,"27.83","23.69","32.61","21.21","68.56","0","18.26","0.82"
"30004","375","2016","7","28","210",NULL,"25.84","22.61","31.62","20.97","75.14","3.048","14.15","0.88"
"30004","375","2016","7","29","211",NULL,"25.53","22.98","30.6","22.33","83.7","10.67","14.19","0.71"
"30004","375","2016","7","30","212",NULL,"25.95","22.23","32.1","22.54","83.1","0","15.03","0.47"
"30004","375","2016","7","31","213",NULL,"25.69","21.42","33.83","21.96","82.7","3.556","17.31","0.42"
"30004","375","2016","8","1","214",NULL,"26.12","20.77","33.35","21.89","80.3","12.19","16.65","0.49"
"30004","375","2016","8","2","215",NULL,"24.9","21.15","31.11","22.55","87.5","1.016","13.93","0.4"
"30004","375","2016","8","3","216",NULL,"26.85","21.35","33.39","21.21","74.07","0","17.99","0.44"
"30004","375","2016","8","4","217",NULL,"26.78","22.44","33.05","22.62","79.23","0.508","17.05","0.31"
"30004","375","2016","8","5","218",NULL,"26.78","23.12","33.9","22.13","77.67","0","14.75","0.33"
"30004","375","2016","8","6","219",NULL,"27.47","21.48","34.13","21.83","74.1","0","20.51","0.61"
"30004","375","2016","8","7","220",NULL,"26.94","22.64","33.32","23.37","82.1","1.778","12.66","0.23"
"30004","375","2016","8","8","221",NULL,"26.43","22.91","31.21","22.71","81.4","24.13","15.02","0.47"
"30004","375","2016","8","9","222",NULL,"26.1","23.18","30.64","22.54","81.8","2.794","11.6","0.54"
"30004","375","2016","8","10","223",NULL,"26.03","23.35","30.23","22.4","81","1.27","12.09","0.7"
"30004","375","2016","8","11","224",NULL,"26.31","22.61","30.4","22.27","79.21","0","11.2","0.49"
"30004","375","2016","8","12","225",NULL,"27.32","23.59","32.91","22.42","76.44","0","15.54","0.44"
"30004","375","2016","8","13","226",NULL,"26.33","22.1","32.17","21.29","75.63","0","13.92","0.42"
"30004","375","2016","8","14","227",NULL,"26.9","21.69","33.69","20.59","71.23","1.27","18.03","0.43"
"30004","375","2016","8","15","228",NULL,"25.24","20.81","32.13","21.41","81.5","33.78","19.04","0.29"
"30004","375","2016","8","16","229",NULL,"24.98","21.65","31.79","23.02","89.5","9.4","11.55","0.16"
"30004","375","2016","8","17","230",NULL,"26.32","21.99","33.05","22.53","81.8","8.64","18.05","0.26"
"30004","375","2016","8","18","231",NULL,"25.88","21.62","33.87","21.69","80.5","5.588","17.55","0.4"
"30004","375","2016","8","19","232",NULL,"24.59","21.55","31.38","22.31","88.6","3.556","13.29","0.28"
"30004","375","2016","8","20","233",NULL,"25.06","22.06","30.6","22.42","86.5","11.94","15.93","0.44"
"30004","375","2016","8","21","234",NULL,"24.45","21.72","30.77","22.38","89.5","9.14","13.31","0.46"
"30004","375","2016","8","22","235",NULL,"23.73","19.45","29.65","18.12","74.3","0.254","20.13","0.38"
"30004","375","2016","8","23","236",NULL,"24.42","17.58","32.06","19.8","77.59","0","17.05","0.19"
"30004","375","2016","8","24","237",NULL,"24.32","21.86","28.9","22.2","88.2","3.556","9.92","0.17"
"30004","375","2016","8","25","238",NULL,"25.74","20.19","33.11","21.07","77.92","0","18.24","0.24"
"30004","375","2016","8","26","239",NULL,"26.75","21.89","33.49","21.91","77.81","9.4","16.69","0.28"
"30004","375","2016","8","27","240",NULL,"26.17","21.59","32.3","22.04","80.3","0","18.59","0.3"
"30004","375","2016","8","28","241",NULL,"26.44","22.71","32.06","21.32","74.16","0","16.15","0.34"
"30004","375","2016","8","29","242",NULL,"25.46","20.6","31.55","19.67","71.52","0","16.95","0.31"
"30004","375","2016","8","30","243",NULL,"24.88","19.41","31.38","19.39","73.81","0","18.03","0.32"
"30004","375","2016","8","31","244",NULL,"25.52","19.48","33.02","19.62","73.27","0","19.57","0.28"
"30004","375","2016","9","1","245",NULL,"25.59","20.5","32.88","21.39","79.67","37.59","14.46","0.3"
"30004","375","2016","9","2","246",NULL,"23.2","20.87","26.34","20.21","83.5","0.254","5.57","0.38"
"30004","375","2016","9","3","247",NULL,"22.54","17.07","29.21","16.24","70","0","18.72","0.31"
"30004","375","2016","9","4","248",NULL,"23.12","18.19","30.06","17.92","74.49","0","17.93","0.41"
"30004","375","2016","9","5","249",NULL,"23.26","17.61","30.87","17.68","74.5","0","18.89","0.24"
"30004","375","2016","9","6","250",NULL,"23.62","17.03","32.85","17.36","72.58","0","19.52","0.32"
"30004","375","2016","9","7","251",NULL,"24.56","18.26","33.63","17.54","70.34","0","18.32","0.24"
"30004","375","2016","9","8","252",NULL,"24.49","17.85","33.25","17.74","70.31","0","17.84","0.4"
"30004","375","2016","9","9","253",NULL,"24.7","18.56","33.15","17.67","69.83","0","17.88","0.41"
"30004","375","2016","9","10","254",NULL,"25.03","18.15","32.84","18.06","69.3","0","16.9","0.4"
"30004","375","2016","9","11","255",NULL,"25.21","20.4","31.89","19.3","71.21","0","17.73","0.53"
"30004","375","2016","9","12","256",NULL,"23.83","19","32.2","20.36","82.5","0.508","12.95","0.22"
"30004","375","2016","9","13","257",NULL,"24.19","19.89","30.81","19.55","77.11","0","15.16","0.32"
"30004","375","2016","9","14","258",NULL,"24.84","19.68","32.71","18.28","71.06","0","18.43","0.32"
"30004","375","2016","9","15","259",NULL,"25.12","18.46","33.83","18.19","69.51","0","16.74","0.23"
"30004","375","2016","9","16","260",NULL,"24.67","19.11","31.15","18.32","69.62","0","14.67","0.42"
"30004","375","2016","9","17","261",NULL,"23.65","18.66","29.38","18.22","73.04","0","11.47","0.3"
"30004","375","2016","9","18","262",NULL,"21.92","20.3","23.69","20.6","92.2","36.83","3.26","0.12"
"30004","375","2016","9","19","263",NULL,"23.73","19.65","30.53","19.63","80.4","0","17.77","0.55"
"30004","375","2016","9","20","264",NULL,"23.18","18.29","31.35","19.11","80.4","0","15.58","0.21"
"30004","375","2016","9","21","265",NULL,"23.93","18.53","30.98","18.85","76.19","0","15.16","0.32"
"30004","375","2016","9","22","266",NULL,"23.76","18.09","31.21","18.49","74.94","0","15.53","0.38"
